Source path,Class name,Line count,Method count,Field count,WMC,LCOM4,TCC,CBO,Maintainability index
src/integTest/java/org/openrewrite/mainframe/cobol/BadBoysTest.java,org.openrewrite.mainframe.cobol.BadBoysTest,16,1,0,1,1,1.0,9,58.2967186423699
src/integTest/java/org/openrewrite/mainframe/cobol/CobolParserNistTest.java,org.openrewrite.mainframe.cobol.CobolParserNistTest,3089,441,0,441,441,0.0,3,72.36805168411611
src/integTest/java/org/openrewrite/mainframe/cobol/CobolPreprocessorNistTest.java,org.openrewrite.mainframe.cobol.CobolPreprocessorNistTest,3089,441,0,441,441,0.0,3,72.36805168411611
src/main/java/org/openrewrite/mainframe/Members.java,org.openrewrite.mainframe.Members,207,14,14,42,3,0.0,16,59.715815277267225
src/main/java/org/openrewrite/mainframe/assembler/AssemblerIsoVisitor.java,org.openrewrite.mainframe.assembler.AssemblerIsoVisitor,37,7,0,7,7,0.0,9,74.42748205383059
src/main/java/org/openrewrite/mainframe/assembler/AssemblerLineReader.java,org.openrewrite.mainframe.assembler.AssemblerLineReader,371,30,14,94,1,0.31264367816091954,17,59.89777160802356
src/main/java/org/openrewrite/mainframe/assembler/AssemblerParser.java,org.openrewrite.mainframe.assembler.AssemblerParser,90,5,1,10,5,0.0,26,55.64162264120605
src/main/java/org/openrewrite/mainframe/assembler/AssemblerVisitor.java,org.openrewrite.mainframe.assembler.AssemblerVisitor,58,8,0,9,1,0.0,12,65.03823859036298
src/main/java/org/openrewrite/mainframe/assembler/Assertions.java,org.openrewrite.mainframe.assembler.Assertions,45,6,0,6,2,0.0,6,68.54534420474526
src/main/java/org/openrewrite/mainframe/assembler/internal/AssemblerPrinter.java,org.openrewrite.mainframe.assembler.internal.AssemblerPrinter,107,12,2,20,1,0.015151515151515152,18,65.06393108548706
src/main/java/org/openrewrite/mainframe/assembler/trait/Call.java,org.openrewrite.mainframe.assembler.trait.Call,120,7,6,34,4,0.047619047619047616,13,55.962958240928174
src/main/java/org/openrewrite/mainframe/assembler/trait/Constants.java,org.openrewrite.mainframe.assembler.trait.Constants,208,9,3,79,3,0.0,4,51.565738203368696
src/main/java/org/openrewrite/mainframe/assembler/trait/ControlSection.java,org.openrewrite.mainframe.assembler.trait.ControlSection,183,13,1,41,1,0.038461538461538464,14,59.61849734045743
src/main/java/org/openrewrite/mainframe/assembler/trait/Copy.java,org.openrewrite.mainframe.assembler.trait.Copy,32,3,1,4,2,0.0,3,67.22228466055797
src/main/java/org/openrewrite/mainframe/assembler/trait/DataControlBlock.java,org.openrewrite.mainframe.assembler.trait.DataControlBlock,62,9,1,11,7,0.0,5,71.59800820343774
src/main/java/org/openrewrite/mainframe/assembler/trait/DliCall.java,org.openrewrite.mainframe.assembler.trait.DliCall,126,7,10,20,5,0.09523809523809523,12,58.39772562707556
src/main/java/org/openrewrite/mainframe/assembler/trait/EntryPoint.java,org.openrewrite.mainframe.assembler.trait.EntryPoint,63,4,1,7,2,0.0,9,60.79419521864017
src/main/java/org/openrewrite/mainframe/assembler/trait/ExternalName.java,org.openrewrite.mainframe.assembler.trait.ExternalName,39,4,1,5,2,0.0,5,67.7366430263998
src/main/java/org/openrewrite/mainframe/assembler/trait/MacroCall.java,org.openrewrite.mainframe.assembler.trait.MacroCall,60,7,1,9,4,0.0,5,70.16945927808024
src/main/java/org/openrewrite/mainframe/assembler/trait/MacroDefinition.java,org.openrewrite.mainframe.assembler.trait.MacroDefinition,72,8,1,16,3,0.0,11,66.07393449396908
src/main/java/org/openrewrite/mainframe/assembler/trait/Operations.java,org.openrewrite.mainframe.assembler.trait.Operations,144,4,2,7,2,0.0,6,54.30405270493006
src/main/java/org/openrewrite/mainframe/assembler/trait/Statements.java,org.openrewrite.mainframe.assembler.trait.Statements,105,12,0,30,5,0.0,16,64.60755562362566
src/main/java/org/openrewrite/mainframe/assembler/tree/Assembler.java,org.openrewrite.mainframe.assembler.tree.Assembler,355,7,0,19,6,0.0,7,48.28800522027065
src/main/java/org/openrewrite/mainframe/assembler/tree/Space.java,org.openrewrite.mainframe.assembler.tree.Space,112,8,5,26,1,0.4642857142857143,3,60.561149366906506
src/main/java/org/openrewrite/mainframe/bms/Assertions.java,org.openrewrite.mainframe.bms.Assertions,41,6,0,6,2,0.0,6,69.56637867158665
src/main/java/org/openrewrite/mainframe/bms/BmsIsoVisitor.java,org.openrewrite.mainframe.bms.BmsIsoVisitor,37,7,0,7,7,0.0,9,74.42748205383059
src/main/java/org/openrewrite/mainframe/bms/BmsLineReader.java,org.openrewrite.mainframe.bms.BmsLineReader,7,1,0,1,1,1.0,1,73.09392347264536
src/main/java/org/openrewrite/mainframe/bms/BmsParser.java,org.openrewrite.mainframe.bms.BmsParser,104,4,2,9,4,0.0,27,51.30767697322512
src/main/java/org/openrewrite/mainframe/bms/BmsParsingException.java,org.openrewrite.mainframe.bms.BmsParsingException,9,1,1,1,1,1.0,1,69.5872535838517
src/main/java/org/openrewrite/mainframe/bms/BmsVisitor.java,org.openrewrite.mainframe.bms.BmsVisitor,60,8,0,9,1,0.0,12,64.47973793369476
src/main/java/org/openrewrite/mainframe/bms/internal/BmsParserVisitor.java,org.openrewrite.mainframe.bms.internal.BmsParserVisitor,351,20,7,79,2,0.015789473684210527,35,55.05858856030007
src/main/java/org/openrewrite/mainframe/bms/internal/BmsPrinter.java,org.openrewrite.mainframe.bms.internal.BmsPrinter,108,12,2,20,1,0.015151515151515152,18,64.87248645575687
src/main/java/org/openrewrite/mainframe/bms/internal/grammar/BMSLexer.java,org.openrewrite.mainframe.bms.internal.grammar.BMSLexer,269,12,33,12,12,0.0,2,60.466828392838586
src/main/java/org/openrewrite/mainframe/bms/internal/grammar/BMSParser.java,org.openrewrite.mainframe.bms.internal.grammar.BMSParser,772,21,39,58,11,0.06666666666666667,18,49.11788702219318
src/main/java/org/openrewrite/mainframe/bms/internal/grammar/BMSParserBaseListener.java,org.openrewrite.mainframe.bms.internal.grammar.BMSParserBaseListener,56,26,0,26,26,0.0,1,92.59676405031497
src/main/java/org/openrewrite/mainframe/bms/internal/grammar/BMSParserBaseVisitor.java,org.openrewrite.mainframe.bms.internal.grammar.BMSParserBaseVisitor,25,11,0,11,11,0.0,2,85.76433861972725
src/main/java/org/openrewrite/mainframe/bms/internal/grammar/BMSParserListener.java,org.openrewrite.mainframe.bms.internal.grammar.BMSParserListener,46,22,0,22,22,0.0,1,92.87771761478443
src/main/java/org/openrewrite/mainframe/bms/internal/grammar/BMSParserVisitor.java,org.openrewrite.mainframe.bms.internal.grammar.BMSParserVisitor,24,11,0,11,11,0.0,1,92.474521267659
src/main/java/org/openrewrite/mainframe/bms/trait/Attribute.java,org.openrewrite.mainframe.bms.trait.Attribute,29,1,0,3,1,1.0,3,54.30455708531278
src/main/java/org/openrewrite/mainframe/bms/trait/Field.java,org.openrewrite.mainframe.bms.trait.Field,184,22,1,36,9,0.0,14,67.71775006030923
src/main/java/org/openrewrite/mainframe/bms/trait/MapDefinition.java,org.openrewrite.mainframe.bms.trait.MapDefinition,111,15,1,25,4,0.009523809523809525,15,69.11758111892289
src/main/java/org/openrewrite/mainframe/bms/trait/Maps.java,org.openrewrite.mainframe.bms.trait.Maps,79,9,0,23,3,0.0,10,64.7834000416098
src/main/java/org/openrewrite/mainframe/bms/trait/Mapset.java,org.openrewrite.mainframe.bms.trait.Mapset,91,12,2,19,9,0.0,12,68.95516608342872
src/main/java/org/openrewrite/mainframe/bms/trait/Operands.java,org.openrewrite.mainframe.bms.trait.Operands,54,5,0,17,2,0.0,8,61.91706247132814
src/main/java/org/openrewrite/mainframe/bms/trait/Position.java,org.openrewrite.mainframe.bms.trait.Position,31,2,2,11,2,0.0,2,56.06704375353064
src/main/java/org/openrewrite/mainframe/bms/tree/Bms.java,org.openrewrite.mainframe.bms.tree.Bms,265,7,0,14,6,0.0,9,50.89443512580902
src/main/java/org/openrewrite/mainframe/bms/tree/Space.java,org.openrewrite.mainframe.bms.tree.Space,111,8,5,26,1,0.4642857142857143,3,60.646115714111595
src/main/java/org/openrewrite/mainframe/cobol/Assertions.java,org.openrewrite.mainframe.cobol.Assertions,235,29,0,46,6,0.0,40,64.99008859366052
src/main/java/org/openrewrite/mainframe/cobol/CobolIsoVisitor.java,org.openrewrite.mainframe.cobol.CobolIsoVisitor,2282,456,0,456,456,0.0,457,74.94798670598442
src/main/java/org/openrewrite/mainframe/cobol/CobolLineReader.java,org.openrewrite.mainframe.cobol.CobolLineReader,181,5,4,49,1,0.0,11,44.926200948995245
src/main/java/org/openrewrite/mainframe/cobol/CobolParser.java,org.openrewrite.mainframe.cobol.CobolParser,194,6,5,18,4,0.06666666666666667,37,48.63896082924475
src/main/java/org/openrewrite/mainframe/cobol/CobolParsingException.java,org.openrewrite.mainframe.cobol.CobolParsingException,9,1,1,1,1,1.0,1,69.5872535838517
src/main/java/org/openrewrite/mainframe/cobol/CobolPreprocessorIsoVisitor.java,org.openrewrite.mainframe.cobol.CobolPreprocessorIsoVisitor,131,26,0,26,26,0.0,28,74.96032742197485
src/main/java/org/openrewrite/mainframe/cobol/CobolPreprocessorParser.java,org.openrewrite.mainframe.cobol.CobolPreprocessorParser,131,4,2,7,4,0.0,33,48.271487071767304
src/main/java/org/openrewrite/mainframe/cobol/CobolPreprocessorVisitor.java,org.openrewrite.mainframe.cobol.CobolPreprocessorVisitor,259,29,1,32,2,0.0024630541871921183,37,61.80436723214756
src/main/java/org/openrewrite/mainframe/cobol/CobolPrinterUtils.java,org.openrewrite.mainframe.cobol.CobolPrinterUtils,34,5,0,10,4,0.0,5,68.98363883128492
src/main/java/org/openrewrite/mainframe/cobol/CobolStringUtils.java,org.openrewrite.mainframe.cobol.CobolStringUtils,79,7,4,28,6,0.047619047619047616,10,61.09328279348449
src/main/java/org/openrewrite/mainframe/cobol/CobolVisitor.java,org.openrewrite.mainframe.cobol.CobolVisitor,4000,463,1,474,1,0.0,475,61.65847833613854
src/main/java/org/openrewrite/mainframe/cobol/CopybookAssertions.java,org.openrewrite.mainframe.cobol.CopybookAssertions,43,6,0,6,2,0.0,6,69.11516557589897
src/main/java/org/openrewrite/mainframe/cobol/CopybookParser.java,org.openrewrite.mainframe.cobol.CopybookParser,139,6,2,9,5,0.0,30,53.43836523326136
src/main/java/org/openrewrite/mainframe/cobol/CopybookParsingException.java,org.openrewrite.mainframe.cobol.CopybookParsingException,9,1,1,1,1,1.0,1,69.5872535838517
src/main/java/org/openrewrite/mainframe/cobol/LineEndings.java,org.openrewrite.mainframe.cobol.LineEndings,33,2,0,9,2,0.0,3,56.459514872206825
src/main/java/org/openrewrite/mainframe/cobol/MacroLines.java,org.openrewrite.mainframe.cobol.MacroLines,67,4,2,16,1,0.0,4,56.05542991366219
src/main/java/org/openrewrite/mainframe/cobol/NameVisitor.java,org.openrewrite.mainframe.cobol.NameVisitor,2904,450,0,450,450,0.0,380,68.67421466595174
src/main/java/org/openrewrite/mainframe/cobol/PreprocessCopyVisitor.java,org.openrewrite.mainframe.cobol.PreprocessCopyVisitor,127,14,3,22,1,0.6373626373626373,30,64.22703262637745
src/main/java/org/openrewrite/mainframe/cobol/PreprocessReplaceVisitor.java,org.openrewrite.mainframe.cobol.PreprocessReplaceVisitor,574,7,1,30,1,0.047619047619047616,32,39.34636437624986
src/main/java/org/openrewrite/mainframe/cobol/PreprocessorAssertions.java,org.openrewrite.mainframe.cobol.PreprocessorAssertions,98,11,0,12,2,0.0,22,65.38538036291388
src/main/java/org/openrewrite/mainframe/cobol/SourcePositions.java,org.openrewrite.mainframe.cobol.SourcePositions,289,18,9,34,2,0.0718954248366013,16,59.462903120865114
src/main/java/org/openrewrite/mainframe/cobol/WrongLanguageException.java,org.openrewrite.mainframe.cobol.WrongLanguageException,9,1,1,1,1,1.0,1,69.5872535838517
src/main/java/org/openrewrite/mainframe/cobol/cleanup/RemoveWithDebuggingMode.java,org.openrewrite.mainframe.cobol.cleanup.RemoveWithDebuggingMode,82,3,4,27,3,0.0,17,46.746417127081344
src/main/java/org/openrewrite/mainframe/cobol/format/RemoveWords.java,org.openrewrite.mainframe.cobol.format.RemoveWords,46,2,1,11,1,1.0,18,50.549305251758646
src/main/java/org/openrewrite/mainframe/cobol/format/ShiftSequenceAreas.java,org.openrewrite.mainframe.cobol.format.ShiftSequenceAreas,39,2,4,5,1,1.0,7,56.268959717184494
src/main/java/org/openrewrite/mainframe/cobol/internal/CobolDialect.java,org.openrewrite.mainframe.cobol.internal.CobolDialect,32,5,0,5,5,0.0,2,78.74244932461247
src/main/java/org/openrewrite/mainframe/cobol/internal/CobolParserVisitor.java,org.openrewrite.mainframe.cobol.internal.CobolParserVisitor,6666,548,44,795,228,0.0017280721653611605,1023,60.625019241869786
src/main/java/org/openrewrite/mainframe/cobol/internal/CobolPreprocessorOutputSourcePrinter.java,org.openrewrite.mainframe.cobol.internal.CobolPreprocessorOutputSourcePrinter,861,47,50,174,3,0.07955596669750231,40,54.58492842324207
src/main/java/org/openrewrite/mainframe/cobol/internal/CobolPreprocessorParserVisitor.java,org.openrewrite.mainframe.cobol.internal.CobolPreprocessorParserVisitor,1287,57,12,191,27,0.039473684210526314,93,51.46865932700151
src/main/java/org/openrewrite/mainframe/cobol/internal/CobolPreprocessorPrinter.java,org.openrewrite.mainframe.cobol.internal.CobolPreprocessorPrinter,66,5,2,12,2,0.6,12,60.575377448858724
src/main/java/org/openrewrite/mainframe/cobol/internal/CobolPreprocessorSourcePrinter.java,org.openrewrite.mainframe.cobol.internal.CobolPreprocessorSourcePrinter,382,35,5,63,4,0.0033613445378151263,50,61.587380453384576
src/main/java/org/openrewrite/mainframe/cobol/internal/CobolPrinter.java,org.openrewrite.mainframe.cobol.internal.CobolPrinter,58,2,3,21,1,1.0,14,47.219307643686896
src/main/java/org/openrewrite/mainframe/cobol/internal/CobolSourcePrinter.java,org.openrewrite.mainframe.cobol.internal.CobolSourcePrinter,4533,466,4,506,3,1.845955050994508E-5,487,63.66812629150254
src/main/java/org/openrewrite/mainframe/cobol/internal/HpTandem.java,org.openrewrite.mainframe.cobol.internal.HpTandem,30,4,4,4,2,0.3333333333333333,3,71.88238953433006
src/main/java/org/openrewrite/mainframe/cobol/internal/IbmAnsi85.java,org.openrewrite.mainframe.cobol.internal.IbmAnsi85,29,4,4,4,2,0.3333333333333333,3,70.48079757161983
src/main/java/org/openrewrite/mainframe/cobol/internal/grammar/CobolBaseListener.java,org.openrewrite.mainframe.cobol.internal.grammar.CobolBaseListener,2436,1216,0,1216,1216,0.0,1,93.28327065840962
src/main/java/org/openrewrite/mainframe/cobol/internal/grammar/CobolBaseVisitor.java,org.openrewrite.mainframe.cobol.internal.grammar.CobolBaseVisitor,1215,606,0,606,606,0.0,2,86.95197087370668
src/main/java/org/openrewrite/mainframe/cobol/internal/grammar/CobolLexer.java,org.openrewrite.mainframe.cobol.internal.grammar.CobolLexer,4438,12,594,12,12,0.0,2,21.973732822860157
src/main/java/org/openrewrite/mainframe/cobol/internal/grammar/CobolListener.java,org.openrewrite.mainframe.cobol.internal.grammar.CobolListener,2426,1212,0,1212,1212,0.0,1,93.29102622773642
src/main/java/org/openrewrite/mainframe/cobol/internal/grammar/CobolParser.java,org.openrewrite.mainframe.cobol.internal.grammar.CobolParser,57289,619,1198,8244,11,0.0731213827501294,616,34.97356643020943
src/main/java/org/openrewrite/mainframe/cobol/internal/grammar/CobolPreprocessorBaseListener.java,org.openrewrite.mainframe.cobol.internal.grammar.CobolPreprocessorBaseListener,152,74,0,74,74,0.0,1,93.04619302467712
src/main/java/org/openrewrite/mainframe/cobol/internal/grammar/CobolPreprocessorBaseVisitor.java,org.openrewrite.mainframe.cobol.internal.grammar.CobolPreprocessorBaseVisitor,73,35,0,35,35,0.0,2,86.57783604256691
src/main/java/org/openrewrite/mainframe/cobol/internal/grammar/CobolPreprocessorLexer.java,org.openrewrite.mainframe.cobol.internal.grammar.CobolPreprocessorLexer,1904,12,310,12,12,0.0,2,32.34321751460142
src/main/java/org/openrewrite/mainframe/cobol/internal/grammar/CobolPreprocessorListener.java,org.openrewrite.mainframe.cobol.internal.grammar.CobolPreprocessorListener,142,70,0,70,70,0.0,1,93.16445882342643
src/main/java/org/openrewrite/mainframe/cobol/internal/grammar/CobolPreprocessorParser.java,org.openrewrite.mainframe.cobol.internal.grammar.CobolPreprocessorParser,9735,45,343,4085,11,0.24545454545454545,43,13.044632435398468
src/main/java/org/openrewrite/mainframe/cobol/internal/grammar/CobolPreprocessorVisitor.java,org.openrewrite.mainframe.cobol.internal.grammar.CobolPreprocessorVisitor,72,35,0,35,35,0.0,1,93.03195758366574
src/main/java/org/openrewrite/mainframe/cobol/internal/grammar/CobolVisitor.java,org.openrewrite.mainframe.cobol.internal.grammar.CobolVisitor,1214,606,0,606,606,0.0,1,93.28321931818007
src/main/java/org/openrewrite/mainframe/cobol/marker/CopiedStatement.java,org.openrewrite.mainframe.cobol.marker.CopiedStatement,12,1,2,2,1,1.0,0,68.17947009983793
src/main/java/org/openrewrite/mainframe/cobol/search/FindCopybook.java,org.openrewrite.mainframe.cobol.search.FindCopybook,63,3,5,10,1,0.0,17,54.2556916083686
src/main/java/org/openrewrite/mainframe/cobol/search/FindIndicators.java,org.openrewrite.mainframe.cobol.search.FindIndicators,35,2,4,6,2,0.0,15,54.39207447780707
src/main/java/org/openrewrite/mainframe/cobol/search/FindReference.java,org.openrewrite.mainframe.cobol.search.FindReference,98,4,5,23,3,0.16666666666666666,12,50.02974137602869
src/main/java/org/openrewrite/mainframe/cobol/search/FindRelationships.java,org.openrewrite.mainframe.cobol.search.FindRelationships,1141,46,3,287,8,0.13140096618357489,155,48.58538970621518
src/main/java/org/openrewrite/mainframe/cobol/search/FindWord.java,org.openrewrite.mainframe.cobol.search.FindWord,91,1,5,1,1,1.0,1,48.79440324406239
src/main/java/org/openrewrite/mainframe/cobol/search/FindWords.java,org.openrewrite.mainframe.cobol.search.FindWords,16,2,0,2,2,0.0,6,65.86938856945085
src/main/java/org/openrewrite/mainframe/cobol/search/UsesCopybook.java,org.openrewrite.mainframe.cobol.search.UsesCopybook,49,1,1,2,1,1.0,3,50.26658080339222
src/main/java/org/openrewrite/mainframe/cobol/table/CobolRelationships.java,org.openrewrite.mainframe.cobol.table.CobolRelationships,181,1,0,1,1,1.0,1,43.16070279889513
src/main/java/org/openrewrite/mainframe/cobol/table/CopybookSource.java,org.openrewrite.mainframe.cobol.table.CopybookSource,36,1,0,1,1,1.0,1,58.46049525709245
src/main/java/org/openrewrite/mainframe/cobol/table/IndicatorSearchResult.java,org.openrewrite.mainframe.cobol.table.IndicatorSearchResult,22,1,0,1,1,1.0,1,63.12606195801891
src/main/java/org/openrewrite/mainframe/cobol/table/ReferenceSearchResult.java,org.openrewrite.mainframe.cobol.table.ReferenceSearchResult,28,1,0,1,1,1.0,1,60.84136878817471
src/main/java/org/openrewrite/mainframe/cobol/table/WordSearchResult.java,org.openrewrite.mainframe.cobol.table.WordSearchResult,18,1,0,1,1,1.0,1,65.02715275713403
src/main/java/org/openrewrite/mainframe/cobol/trait/CicsCommand.java,org.openrewrite.mainframe.cobol.trait.CicsCommand,282,18,6,75,4,0.058823529411764705,27,56.66217717188541
src/main/java/org/openrewrite/mainframe/cobol/trait/CicsResourceAccess.java,org.openrewrite.mainframe.cobol.trait.CicsResourceAccess,44,1,4,2,1,1.0,0,52.34722139589569
src/main/java/org/openrewrite/mainframe/cobol/trait/CopybookReference.java,org.openrewrite.mainframe.cobol.trait.CopybookReference,120,9,1,18,3,0.0,15,62.493597191879765
src/main/java/org/openrewrite/mainframe/cobol/trait/CopybookSkippingVisitor.java,org.openrewrite.mainframe.cobol.trait.CopybookSkippingVisitor,29,5,0,10,5,0.0,7,69.36525862630347
src/main/java/org/openrewrite/mainframe/cobol/trait/DataName.java,org.openrewrite.mainframe.cobol.trait.DataName,440,24,1,89,1,0.036231884057971016,36,56.39290268000009
src/main/java/org/openrewrite/mainframe/cobol/trait/DliCall.java,org.openrewrite.mainframe.cobol.trait.DliCall,294,15,12,62,6,0.0380952380952381,23,54.76827765598207
src/main/java/org/openrewrite/mainframe/cobol/trait/Execs.java,org.openrewrite.mainframe.cobol.trait.Execs,46,4,0,13,4,0.0,14,61.65377461053557
src/main/java/org/openrewrite/mainframe/cobol/trait/LiteralAssignment.java,org.openrewrite.mainframe.cobol.trait.LiteralAssignment,114,8,1,25,1,0.0,22,59.00413591894884
src/main/java/org/openrewrite/mainframe/cobol/trait/Literals.java,org.openrewrite.mainframe.cobol.trait.Literals,21,3,0,8,1,0.0,1,68.03414570933953
src/main/java/org/openrewrite/mainframe/cobol/trait/Names.java,org.openrewrite.mainframe.cobol.trait.Names,28,3,0,6,2,0.0,7,64.4969506722079
src/main/java/org/openrewrite/mainframe/cobol/trait/Procedure.java,org.openrewrite.mainframe.cobol.trait.Procedure,51,5,1,12,1,0.0,8,64.5849174007855
src/main/java/org/openrewrite/mainframe/cobol/trait/Program.java,org.openrewrite.mainframe.cobol.trait.Program,60,6,1,14,1,0.0,11,64.15356300489879
src/main/java/org/openrewrite/mainframe/cobol/trait/ProgramEntry.java,org.openrewrite.mainframe.cobol.trait.ProgramEntry,102,8,1,29,2,0.0,16,60.48525980003135
src/main/java/org/openrewrite/mainframe/cobol/trait/SearchableText.java,org.openrewrite.mainframe.cobol.trait.SearchableText,267,14,4,47,3,0.0,25,56.17437847114465
src/main/java/org/openrewrite/mainframe/cobol/tree/BlankLine.java,org.openrewrite.mainframe.cobol.tree.BlankLine,84,2,8,14,1,1.0,11,44.9463580478976
src/main/java/org/openrewrite/mainframe/cobol/tree/Cobol.java,org.openrewrite.mainframe.cobol.tree.Cobol,9693,5,0,5,4,0.0,2,20.388321913385578
src/main/java/org/openrewrite/mainframe/cobol/tree/CobolContainer.java,org.openrewrite.mainframe.cobol.tree.CobolContainer,112,15,6,29,1,0.5238095238095238,7,68.70564814601023
src/main/java/org/openrewrite/mainframe/cobol/tree/CobolLeftPadded.java,org.openrewrite.mainframe.cobol.tree.CobolLeftPadded,34,4,3,7,3,0.16666666666666666,5,67.85176814763045
src/main/java/org/openrewrite/mainframe/cobol/tree/CobolLine.java,org.openrewrite.mainframe.cobol.tree.CobolLine,25,13,0,13,13,0.0,0,93.67040422690764
src/main/java/org/openrewrite/mainframe/cobol/tree/CobolPreprocessor.java,org.openrewrite.mainframe.cobol.tree.CobolPreprocessor,656,5,0,5,4,0.0,2,45.900938955424174
src/main/java/org/openrewrite/mainframe/cobol/tree/CobolRightPadded.java,org.openrewrite.mainframe.cobol.tree.CobolRightPadded,78,6,3,16,5,0.06666666666666667,12,60.25897630325494
src/main/java/org/openrewrite/mainframe/cobol/tree/ColumnArea.java,org.openrewrite.mainframe.cobol.tree.ColumnArea,10,4,0,4,4,0.0,0,91.18484803721562
src/main/java/org/openrewrite/mainframe/cobol/tree/CommentArea.java,org.openrewrite.mainframe.cobol.tree.CommentArea,48,2,5,8,1,1.0,10,51.229080240917135
src/main/java/org/openrewrite/mainframe/cobol/tree/CommentLine.java,org.openrewrite.mainframe.cobol.tree.CommentLine,74,2,8,12,1,1.0,11,46.38475904208922
src/main/java/org/openrewrite/mainframe/cobol/tree/Continuation.java,org.openrewrite.mainframe.cobol.tree.Continuation,113,2,2,28,1,1.0,22,38.06555833709185
src/main/java/org/openrewrite/mainframe/cobol/tree/CopybookSource.java,org.openrewrite.mainframe.cobol.tree.CopybookSource,4,2,0,2,2,0.0,1,93.29883957598182
src/main/java/org/openrewrite/mainframe/cobol/tree/IndicatorArea.java,org.openrewrite.mainframe.cobol.tree.IndicatorArea,50,2,3,10,1,1.0,5,52.07194653489019
src/main/java/org/openrewrite/mainframe/cobol/tree/SequenceArea.java,org.openrewrite.mainframe.cobol.tree.SequenceArea,39,2,2,8,1,1.0,5,55.1784176189538
src/main/java/org/openrewrite/mainframe/cobol/tree/Space.java,org.openrewrite.mainframe.cobol.tree.Space,594,8,5,26,1,0.4642857142857143,3,44.71506075201732
src/main/java/org/openrewrite/mainframe/controlcard/CardLines.java,org.openrewrite.mainframe.controlcard.CardLines,29,3,2,5,1,0.6666666666666666,5,65.41714765867151
src/main/java/org/openrewrite/mainframe/controlcard/ControlCards.java,org.openrewrite.mainframe.controlcard.ControlCards,25,2,0,9,1,0.0,6,59.749884688740735
src/main/java/org/openrewrite/mainframe/controlcard/InStreamCards.java,org.openrewrite.mainframe.controlcard.InStreamCards,138,6,5,34,2,0.0,26,51.10352102663192
src/main/java/org/openrewrite/mainframe/controlcard/idcams/Assertions.java,org.openrewrite.mainframe.controlcard.idcams.Assertions,41,6,0,6,2,0.0,6,69.56637867158665
src/main/java/org/openrewrite/mainframe/controlcard/idcams/IdcamsIsoVisitor.java,org.openrewrite.mainframe.controlcard.idcams.IdcamsIsoVisitor,22,4,0,4,4,0.0,6,74.05099472978257
src/main/java/org/openrewrite/mainframe/controlcard/idcams/IdcamsLineReader.java,org.openrewrite.mainframe.controlcard.idcams.IdcamsLineReader,108,6,3,29,1,0.0,9,55.34770623800081
src/main/java/org/openrewrite/mainframe/controlcard/idcams/IdcamsParser.java,org.openrewrite.mainframe.controlcard.idcams.IdcamsParser,109,6,1,9,4,0.0,28,56.230372579546064
src/main/java/org/openrewrite/mainframe/controlcard/idcams/IdcamsParsingException.java,org.openrewrite.mainframe.controlcard.idcams.IdcamsParsingException,9,1,1,1,1,1.0,1,69.5872535838517
src/main/java/org/openrewrite/mainframe/controlcard/idcams/IdcamsVisitor.java,org.openrewrite.mainframe.controlcard.idcams.IdcamsVisitor,36,5,0,5,1,0.0,9,65.05882416285085
src/main/java/org/openrewrite/mainframe/controlcard/idcams/internal/IdcamsParserVisitor.java,org.openrewrite.mainframe.controlcard.idcams.internal.IdcamsParserVisitor,191,11,7,44,1,0.10909090909090909,22,55.80615898184359
src/main/java/org/openrewrite/mainframe/controlcard/idcams/internal/IdcamsPrinter.java,org.openrewrite.mainframe.controlcard.idcams.internal.IdcamsPrinter,76,9,2,15,1,0.027777777777777776,14,65.74036672431806
src/main/java/org/openrewrite/mainframe/controlcard/idcams/internal/grammar/IdcamsCardLexer.java,org.openrewrite.mainframe.controlcard.idcams.internal.grammar.IdcamsCardLexer,193,12,23,12,12,0.0,2,65.50508368374359
src/main/java/org/openrewrite/mainframe/controlcard/idcams/internal/grammar/IdcamsCardParser.java,org.openrewrite.mainframe.controlcard.idcams.internal.grammar.IdcamsCardParser,217,12,22,19,11,0.015151515151515152,8,58.99668931535016
src/main/java/org/openrewrite/mainframe/controlcard/idcams/internal/grammar/IdcamsCardParserBaseListener.java,org.openrewrite.mainframe.controlcard.idcams.internal.grammar.IdcamsCardParserBaseListener,20,8,0,8,8,0.0,1,91.18484803721562
src/main/java/org/openrewrite/mainframe/controlcard/idcams/internal/grammar/IdcamsCardParserBaseVisitor.java,org.openrewrite.mainframe.controlcard.idcams.internal.grammar.IdcamsCardParserBaseVisitor,7,2,0,2,2,0.0,2,81.67376835885374
src/main/java/org/openrewrite/mainframe/controlcard/idcams/internal/grammar/IdcamsCardParserListener.java,org.openrewrite.mainframe.controlcard.idcams.internal.grammar.IdcamsCardParserListener,10,4,0,4,4,0.0,1,91.18484803721562
src/main/java/org/openrewrite/mainframe/controlcard/idcams/internal/grammar/IdcamsCardParserVisitor.java,org.openrewrite.mainframe.controlcard.idcams.internal.grammar.IdcamsCardParserVisitor,6,2,0,2,2,0.0,1,89.45759118337814
src/main/java/org/openrewrite/mainframe/controlcard/idcams/trait/IdcamsCommand.java,org.openrewrite.mainframe.controlcard.idcams.trait.IdcamsCommand,272,23,5,79,4,0.03557312252964427,18,61.17909238565307
src/main/java/org/openrewrite/mainframe/controlcard/idcams/tree/Idcams.java,org.openrewrite.mainframe.controlcard.idcams.tree.Idcams,176,5,0,5,4,0.0,2,58.36524542400674
src/main/java/org/openrewrite/mainframe/controlcard/idcams/tree/Space.java,org.openrewrite.mainframe.controlcard.idcams.tree.Space,80,8,3,20,1,0.32142857142857145,2,65.59882312514372
src/main/java/org/openrewrite/mainframe/controlcard/sort/Assertions.java,org.openrewrite.mainframe.controlcard.sort.Assertions,41,6,0,6,2,0.0,6,69.56637867158665
src/main/java/org/openrewrite/mainframe/controlcard/sort/SortIsoVisitor.java,org.openrewrite.mainframe.controlcard.sort.SortIsoVisitor,22,4,0,4,4,0.0,6,74.05099472978257
src/main/java/org/openrewrite/mainframe/controlcard/sort/SortLineReader.java,org.openrewrite.mainframe.controlcard.sort.SortLineReader,80,5,3,21,1,0.0,7,57.36162130534572
src/main/java/org/openrewrite/mainframe/controlcard/sort/SortParser.java,org.openrewrite.mainframe.controlcard.sort.SortParser,109,6,1,9,4,0.0,28,56.230372579546064
src/main/java/org/openrewrite/mainframe/controlcard/sort/SortParsingException.java,org.openrewrite.mainframe.controlcard.sort.SortParsingException,9,1,1,1,1,1.0,1,69.5872535838517
src/main/java/org/openrewrite/mainframe/controlcard/sort/SortVisitor.java,org.openrewrite.mainframe.controlcard.sort.SortVisitor,36,5,0,5,1,0.0,9,65.05882416285085
src/main/java/org/openrewrite/mainframe/controlcard/sort/internal/SortParserVisitor.java,org.openrewrite.mainframe.controlcard.sort.internal.SortParserVisitor,226,11,7,57,1,0.05454545454545454,22,53.18132649257945
src/main/java/org/openrewrite/mainframe/controlcard/sort/internal/SortPrinter.java,org.openrewrite.mainframe.controlcard.sort.internal.SortPrinter,76,9,2,15,1,0.027777777777777776,14,65.74036672431806
src/main/java/org/openrewrite/mainframe/controlcard/sort/internal/grammar/SortCardLexer.java,org.openrewrite.mainframe.controlcard.sort.internal.grammar.SortCardLexer,182,12,22,12,12,0.0,2,66.25336670255625
src/main/java/org/openrewrite/mainframe/controlcard/sort/internal/grammar/SortCardParser.java,org.openrewrite.mainframe.controlcard.sort.internal.grammar.SortCardParser,217,12,21,19,11,0.015151515151515152,8,59.01226028737039
src/main/java/org/openrewrite/mainframe/controlcard/sort/internal/grammar/SortCardParserBaseListener.java,org.openrewrite.mainframe.controlcard.sort.internal.grammar.SortCardParserBaseListener,20,8,0,8,8,0.0,1,91.18484803721562
src/main/java/org/openrewrite/mainframe/controlcard/sort/internal/grammar/SortCardParserBaseVisitor.java,org.openrewrite.mainframe.controlcard.sort.internal.grammar.SortCardParserBaseVisitor,7,2,0,2,2,0.0,2,81.67376835885374
src/main/java/org/openrewrite/mainframe/controlcard/sort/internal/grammar/SortCardParserListener.java,org.openrewrite.mainframe.controlcard.sort.internal.grammar.SortCardParserListener,10,4,0,4,4,0.0,1,91.18484803721562
src/main/java/org/openrewrite/mainframe/controlcard/sort/internal/grammar/SortCardParserVisitor.java,org.openrewrite.mainframe.controlcard.sort.internal.grammar.SortCardParserVisitor,6,2,0,2,2,0.0,1,89.45759118337814
src/main/java/org/openrewrite/mainframe/controlcard/sort/trait/SortStatement.java,org.openrewrite.mainframe.controlcard.sort.trait.SortStatement,159,15,1,41,5,0.0,19,62.605594101935154
src/main/java/org/openrewrite/mainframe/controlcard/sort/tree/Sort.java,org.openrewrite.mainframe.controlcard.sort.tree.Sort,175,5,0,5,4,0.0,2,58.41922667667172
src/main/java/org/openrewrite/mainframe/controlcard/sort/tree/Space.java,org.openrewrite.mainframe.controlcard.sort.tree.Space,80,8,3,20,1,0.32142857142857145,2,65.59882312514372
src/main/java/org/openrewrite/mainframe/controlcard/utility/Assertions.java,org.openrewrite.mainframe.controlcard.utility.Assertions,42,6,0,6,2,0.0,6,69.33808607767975
src/main/java/org/openrewrite/mainframe/controlcard/utility/InStreamUnloadDeck.java,org.openrewrite.mainframe.controlcard.utility.InStreamUnloadDeck,35,4,2,6,2,0.5,8,67.44884924281722
src/main/java/org/openrewrite/mainframe/controlcard/utility/Keywords.java,org.openrewrite.mainframe.controlcard.utility.Keywords,212,6,4,9,3,0.13333333333333333,7,53.4351310030888
src/main/java/org/openrewrite/mainframe/controlcard/utility/UtilityIsoVisitor.java,org.openrewrite.mainframe.controlcard.utility.UtilityIsoVisitor,22,4,0,4,4,0.0,6,74.05099472978257
src/main/java/org/openrewrite/mainframe/controlcard/utility/UtilityLineReader.java,org.openrewrite.mainframe.controlcard.utility.UtilityLineReader,72,4,3,18,1,0.0,7,55.88584991842999
src/main/java/org/openrewrite/mainframe/controlcard/utility/UtilityParser.java,org.openrewrite.mainframe.controlcard.utility.UtilityParser,113,6,1,9,4,0.0,28,55.816388403471784
src/main/java/org/openrewrite/mainframe/controlcard/utility/UtilityParsingException.java,org.openrewrite.mainframe.controlcard.utility.UtilityParsingException,9,1,1,1,1,1.0,1,69.5872535838517
src/main/java/org/openrewrite/mainframe/controlcard/utility/UtilityVisitor.java,org.openrewrite.mainframe.controlcard.utility.UtilityVisitor,37,5,0,5,1,0.0,9,64.5197759424138
src/main/java/org/openrewrite/mainframe/controlcard/utility/internal/UtilityParserVisitor.java,org.openrewrite.mainframe.controlcard.utility.internal.UtilityParserVisitor,223,9,7,42,1,0.08333333333333333,24,52.35710282152281
src/main/java/org/openrewrite/mainframe/controlcard/utility/internal/UtilityPrinter.java,org.openrewrite.mainframe.controlcard.utility.internal.UtilityPrinter,79,9,2,16,1,0.027777777777777776,14,65.17532152362018
src/main/java/org/openrewrite/mainframe/controlcard/utility/internal/grammar/UtilityCardLexer.java,org.openrewrite.mainframe.controlcard.utility.internal.grammar.UtilityCardLexer,156,12,20,12,12,0.0,2,67.90843440190916
src/main/java/org/openrewrite/mainframe/controlcard/utility/internal/grammar/UtilityCardParser.java,org.openrewrite.mainframe.controlcard.utility.internal.grammar.UtilityCardParser,218,12,20,19,11,0.0,8,58.64029225451447
src/main/java/org/openrewrite/mainframe/controlcard/utility/internal/grammar/UtilityCardParserBaseListener.java,org.openrewrite.mainframe.controlcard.utility.internal.grammar.UtilityCardParserBaseListener,20,8,0,8,8,0.0,1,91.18484803721562
src/main/java/org/openrewrite/mainframe/controlcard/utility/internal/grammar/UtilityCardParserBaseVisitor.java,org.openrewrite.mainframe.controlcard.utility.internal.grammar.UtilityCardParserBaseVisitor,7,2,0,2,2,0.0,2,81.67376835885374
src/main/java/org/openrewrite/mainframe/controlcard/utility/internal/grammar/UtilityCardParserListener.java,org.openrewrite.mainframe.controlcard.utility.internal.grammar.UtilityCardParserListener,10,4,0,4,4,0.0,1,91.18484803721562
src/main/java/org/openrewrite/mainframe/controlcard/utility/internal/grammar/UtilityCardParserVisitor.java,org.openrewrite.mainframe.controlcard.utility.internal.grammar.UtilityCardParserVisitor,6,2,0,2,2,0.0,1,89.45759118337814
src/main/java/org/openrewrite/mainframe/controlcard/utility/marker/Dialect.java,org.openrewrite.mainframe.controlcard.utility.marker.Dialect,61,3,4,17,2,0.0,5,55.680947142836324
src/main/java/org/openrewrite/mainframe/controlcard/utility/trait/Operands.java,org.openrewrite.mainframe.controlcard.utility.trait.Operands,64,8,0,18,5,0.0,16,65.72274393119946
src/main/java/org/openrewrite/mainframe/controlcard/utility/trait/Template.java,org.openrewrite.mainframe.controlcard.utility.trait.Template,110,8,2,29,2,0.0,14,59.26958533650693
src/main/java/org/openrewrite/mainframe/controlcard/utility/trait/UnloadCommand.java,org.openrewrite.mainframe.controlcard.utility.trait.UnloadCommand,206,20,1,54,3,0.015789473684210527,13,63.75905348753969
src/main/java/org/openrewrite/mainframe/controlcard/utility/trait/UtilityStatement.java,org.openrewrite.mainframe.controlcard.utility.trait.UtilityStatement,73,9,1,13,6,0.027777777777777776,11,68.1435084299865
src/main/java/org/openrewrite/mainframe/controlcard/utility/tree/Space.java,org.openrewrite.mainframe.controlcard.utility.tree.Space,80,8,3,20,1,0.32142857142857145,2,65.59882312514372
src/main/java/org/openrewrite/mainframe/controlcard/utility/tree/Utility.java,org.openrewrite.mainframe.controlcard.utility.tree.Utility,196,5,0,5,4,0.0,2,57.345586500079065
src/main/java/org/openrewrite/mainframe/controlcard/utility/tree/Words.java,org.openrewrite.mainframe.controlcard.utility.tree.Words,15,1,0,4,1,1.0,6,58.16818039208584
src/main/java/org/openrewrite/mainframe/controlm/Assertions.java,org.openrewrite.mainframe.controlm.Assertions,26,4,0,4,2,0.0,6,70.63957991237457
src/main/java/org/openrewrite/mainframe/controlm/ControlMIsoVisitor.java,org.openrewrite.mainframe.controlm.ControlMIsoVisitor,87,17,0,17,17,0.0,19,74.66682711780263
src/main/java/org/openrewrite/mainframe/controlm/ControlMLineReader.java,org.openrewrite.mainframe.controlm.ControlMLineReader,95,2,0,20,1,0.0,5,41.655197545627104
src/main/java/org/openrewrite/mainframe/controlm/ControlMParser.java,org.openrewrite.mainframe.controlm.ControlMParser,106,4,1,8,4,0.0,25,50.95106073574667
src/main/java/org/openrewrite/mainframe/controlm/ControlMParsingException.java,org.openrewrite.mainframe.controlm.ControlMParsingException,9,1,1,1,1,1.0,1,69.5872535838517
src/main/java/org/openrewrite/mainframe/controlm/ControlMVisitor.java,org.openrewrite.mainframe.controlm.ControlMVisitor,172,20,0,28,1,0.0,27,62.59899678629351
src/main/java/org/openrewrite/mainframe/controlm/internal/ControlMParserVisitor.java,org.openrewrite.mainframe.controlm.internal.ControlMParserVisitor,676,50,6,75,5,0.0024489795918367346,74,59.45524514943119
src/main/java/org/openrewrite/mainframe/controlm/internal/ControlMPrinter.java,org.openrewrite.mainframe.controlm.internal.ControlMPrinter,229,24,2,35,1,0.0036231884057971015,33,63.65519051521715
src/main/java/org/openrewrite/mainframe/controlm/internal/ExportReader.java,org.openrewrite.mainframe.controlm.internal.ExportReader,170,12,7,45,1,0.6818181818181818,17,57.88794140124849
src/main/java/org/openrewrite/mainframe/controlm/internal/grammar/ControlMLexer.java,org.openrewrite.mainframe.controlm.internal.grammar.ControlMLexer,872,12,109,12,12,0.0,2,43.805162042567886
src/main/java/org/openrewrite/mainframe/controlm/internal/grammar/ControlMParser.java,org.openrewrite.mainframe.controlm.internal.grammar.ControlMParser,3017,52,141,168,11,0.01282051282051282,48,42.95006674508321
src/main/java/org/openrewrite/mainframe/controlm/internal/grammar/ControlMParserBaseListener.java,org.openrewrite.mainframe.controlm.internal.grammar.ControlMParserBaseListener,180,88,0,88,88,0.0,1,93.08593883633073
src/main/java/org/openrewrite/mainframe/controlm/internal/grammar/ControlMParserBaseVisitor.java,org.openrewrite.mainframe.controlm.internal.grammar.ControlMParserBaseVisitor,87,42,0,42,42,0.0,2,86.64294753055623
src/main/java/org/openrewrite/mainframe/controlm/internal/grammar/ControlMParserListener.java,org.openrewrite.mainframe.controlm.internal.grammar.ControlMParserListener,170,84,0,84,84,0.0,1,93.18672366143126
src/main/java/org/openrewrite/mainframe/controlm/internal/grammar/ControlMParserVisitor.java,org.openrewrite.mainframe.controlm.internal.grammar.ControlMParserVisitor,86,42,0,42,42,0.0,1,93.07591907420102
src/main/java/org/openrewrite/mainframe/controlm/trait/Calendar.java,org.openrewrite.mainframe.controlm.trait.Calendar,86,8,2,19,4,0.0,10,63.365714132165415
src/main/java/org/openrewrite/mainframe/controlm/trait/CalendarReference.java,org.openrewrite.mainframe.controlm.trait.CalendarReference,82,4,2,19,2,0.0,10,54.99862738850542
src/main/java/org/openrewrite/mainframe/controlm/trait/GroupMembership.java,org.openrewrite.mainframe.controlm.trait.GroupMembership,36,4,1,7,1,0.16666666666666666,4,67.30928914328352
src/main/java/org/openrewrite/mainframe/controlm/trait/InCondition.java,org.openrewrite.mainframe.controlm.trait.InCondition,49,4,1,11,1,0.5,7,61.780396424338235
src/main/java/org/openrewrite/mainframe/controlm/trait/OutCondition.java,org.openrewrite.mainframe.controlm.trait.OutCondition,76,8,1,20,1,0.21428571428571427,9,64.73602375325207
src/main/java/org/openrewrite/mainframe/controlm/trait/ScheduledJob.java,org.openrewrite.mainframe.controlm.trait.ScheduledJob,187,18,1,49,1,0.13725490196078433,23,62.74999738129852
src/main/java/org/openrewrite/mainframe/controlm/trait/Schedules.java,org.openrewrite.mainframe.controlm.trait.Schedules,99,5,1,28,5,0.0,24,54.67845740085728
src/main/java/org/openrewrite/mainframe/controlm/tree/ControlM.java,org.openrewrite.mainframe.controlm.tree.ControlM,512,5,0,5,4,0.0,2,48.24886050820442
src/main/java/org/openrewrite/mainframe/controlm/tree/ControlMLeftPadded.java,org.openrewrite.mainframe.controlm.tree.ControlMLeftPadded,43,4,3,7,3,0.16666666666666666,3,65.9840569123001
src/main/java/org/openrewrite/mainframe/controlm/tree/Space.java,org.openrewrite.mainframe.controlm.tree.Space,127,8,5,26,1,0.4642857142857143,3,59.37041890746284
src/main/java/org/openrewrite/mainframe/db2/Assertions.java,org.openrewrite.mainframe.db2.Assertions,41,6,0,6,2,0.0,6,69.56637867158665
src/main/java/org/openrewrite/mainframe/db2/Db2IsoVisitor.java,org.openrewrite.mainframe.db2.Db2IsoVisitor,312,62,0,62,62,0.0,64,74.89300905111551
src/main/java/org/openrewrite/mainframe/db2/Db2Parser.java,org.openrewrite.mainframe.db2.Db2Parser,94,6,0,8,4,0.0,24,58.04354038530972
src/main/java/org/openrewrite/mainframe/db2/Db2ParsingException.java,org.openrewrite.mainframe.db2.Db2ParsingException,9,1,1,1,1,1.0,1,69.5872535838517
src/main/java/org/openrewrite/mainframe/db2/Db2Visitor.java,org.openrewrite.mainframe.db2.Db2Visitor,727,66,0,96,1,0.0,72,58.808732435732296
src/main/java/org/openrewrite/mainframe/db2/bind/Assertions.java,org.openrewrite.mainframe.db2.bind.Assertions,41,6,0,6,2,0.0,6,69.56637867158665
src/main/java/org/openrewrite/mainframe/db2/bind/BindIsoVisitor.java,org.openrewrite.mainframe.db2.bind.BindIsoVisitor,22,4,0,4,4,0.0,6,74.05099472978257
src/main/java/org/openrewrite/mainframe/db2/bind/BindLineReader.java,org.openrewrite.mainframe.db2.bind.BindLineReader,57,3,1,15,2,0.0,7,54.86221076061722
src/main/java/org/openrewrite/mainframe/db2/bind/BindParser.java,org.openrewrite.mainframe.db2.bind.BindParser,119,6,1,13,4,0.0,30,54.737983634973695
src/main/java/org/openrewrite/mainframe/db2/bind/BindParsingException.java,org.openrewrite.mainframe.db2.bind.BindParsingException,9,1,1,1,1,1.0,1,69.5872535838517
src/main/java/org/openrewrite/mainframe/db2/bind/BindVisitor.java,org.openrewrite.mainframe.db2.bind.BindVisitor,36,5,0,5,1,0.0,9,65.05882416285085
src/main/java/org/openrewrite/mainframe/db2/bind/InStreamBindDeck.java,org.openrewrite.mainframe.db2.bind.InStreamBindDeck,24,1,3,4,1,1.0,8,52.84524614655696
src/main/java/org/openrewrite/mainframe/db2/bind/internal/BindParserVisitor.java,org.openrewrite.mainframe.db2.bind.internal.BindParserVisitor,163,9,7,33,1,0.08333333333333333,22,55.243508160128
src/main/java/org/openrewrite/mainframe/db2/bind/internal/BindPrinter.java,org.openrewrite.mainframe.db2.bind.internal.BindPrinter,76,9,2,15,1,0.027777777777777776,14,65.74036672431806
src/main/java/org/openrewrite/mainframe/db2/bind/internal/grammar/BindLexer.java,org.openrewrite.mainframe.db2.bind.internal.grammar.BindLexer,169,12,21,12,12,0.0,2,67.1561057450045
src/main/java/org/openrewrite/mainframe/db2/bind/internal/grammar/BindParser.java,org.openrewrite.mainframe.db2.bind.internal.grammar.BindParser,217,12,20,19,11,0.015151515151515152,8,59.027496421585624
src/main/java/org/openrewrite/mainframe/db2/bind/internal/grammar/BindParserBaseListener.java,org.openrewrite.mainframe.db2.bind.internal.grammar.BindParserBaseListener,20,8,0,8,8,0.0,1,91.18484803721562
src/main/java/org/openrewrite/mainframe/db2/bind/internal/grammar/BindParserBaseVisitor.java,org.openrewrite.mainframe.db2.bind.internal.grammar.BindParserBaseVisitor,7,2,0,2,2,0.0,2,81.67376835885374
src/main/java/org/openrewrite/mainframe/db2/bind/internal/grammar/BindParserListener.java,org.openrewrite.mainframe.db2.bind.internal.grammar.BindParserListener,10,4,0,4,4,0.0,1,91.18484803721562
src/main/java/org/openrewrite/mainframe/db2/bind/internal/grammar/BindParserVisitor.java,org.openrewrite.mainframe.db2.bind.internal.grammar.BindParserVisitor,6,2,0,2,2,0.0,1,89.45759118337814
src/main/java/org/openrewrite/mainframe/db2/bind/trait/BindCommand.java,org.openrewrite.mainframe.db2.bind.trait.BindCommand,166,23,1,37,9,0.0,17,68.74911769662239
src/main/java/org/openrewrite/mainframe/db2/bind/trait/Operands.java,org.openrewrite.mainframe.db2.bind.trait.Operands,43,3,0,13,1,0.0,7,58.20654648236089
src/main/java/org/openrewrite/mainframe/db2/bind/tree/Bind.java,org.openrewrite.mainframe.db2.bind.tree.Bind,176,5,0,5,4,0.0,2,58.36524542400674
src/main/java/org/openrewrite/mainframe/db2/bind/tree/Space.java,org.openrewrite.mainframe.db2.bind.tree.Space,108,8,5,26,1,0.4642857142857143,3,60.90568494326215
src/main/java/org/openrewrite/mainframe/db2/internal/Db2ParserVisitor.java,org.openrewrite.mainframe.db2.internal.Db2ParserVisitor,1047,88,8,207,23,0.009665621734587251,132,59.67840421247805
src/main/java/org/openrewrite/mainframe/db2/internal/Db2Printer.java,org.openrewrite.mainframe.db2.internal.Db2Printer,719,70,2,79,2,4.1407867494824016E-4,77,62.59832697807873
src/main/java/org/openrewrite/mainframe/db2/internal/grammar/DB2Lexer.java,org.openrewrite.mainframe.db2.internal.grammar.DB2Lexer,3091,12,459,12,12,0.0,2,26.325936520793533
src/main/java/org/openrewrite/mainframe/db2/internal/grammar/DB2Parser.java,org.openrewrite.mainframe.db2.internal.grammar.DB2Parser,21730,141,581,4641,12,0.23850050658561298,135,25.404015731333043
src/main/java/org/openrewrite/mainframe/db2/internal/grammar/DB2ParserBaseListener.java,org.openrewrite.mainframe.db2.internal.grammar.DB2ParserBaseListener,508,252,0,252,252,0.0,1,93.2239484017039
src/main/java/org/openrewrite/mainframe/db2/internal/grammar/DB2ParserBaseVisitor.java,org.openrewrite.mainframe.db2.internal.grammar.DB2ParserBaseVisitor,251,124,0,124,124,0.0,2,86.86147820592488
src/main/java/org/openrewrite/mainframe/db2/internal/grammar/DB2ParserListener.java,org.openrewrite.mainframe.db2.internal.grammar.DB2ParserListener,498,248,0,248,248,0.0,1,93.26071604682653
src/main/java/org/openrewrite/mainframe/db2/internal/grammar/DB2ParserVisitor.java,org.openrewrite.mainframe.db2.internal.grammar.DB2ParserVisitor,250,124,0,124,124,0.0,1,93.22274531779719
src/main/java/org/openrewrite/mainframe/db2/trait/Column.java,org.openrewrite.mainframe.db2.trait.Column,104,11,1,28,3,0.0,17,64.88926115490067
src/main/java/org/openrewrite/mainframe/db2/trait/Constraints.java,org.openrewrite.mainframe.db2.trait.Constraints,63,5,0,18,5,0.0,13,60.96940646925322
src/main/java/org/openrewrite/mainframe/db2/trait/ForeignKey.java,org.openrewrite.mainframe.db2.trait.ForeignKey,64,6,1,15,2,0.0,11,63.01938621836273
src/main/java/org/openrewrite/mainframe/db2/trait/Index.java,org.openrewrite.mainframe.db2.trait.Index,62,7,1,11,3,0.0,11,66.17490801754698
src/main/java/org/openrewrite/mainframe/db2/trait/InstreamDdl.java,org.openrewrite.mainframe.db2.trait.InstreamDdl,67,7,2,9,1,0.047619047619047616,17,66.44225549673581
src/main/java/org/openrewrite/mainframe/db2/trait/Table.java,org.openrewrite.mainframe.db2.trait.Table,82,10,1,18,5,0.022222222222222223,16,67.0627550855197
src/main/java/org/openrewrite/mainframe/db2/tree/Db2.java,org.openrewrite.mainframe.db2.tree.Db2,2120,9,0,16,8,0.0,11,36.597730214423436
src/main/java/org/openrewrite/mainframe/db2/tree/Db2Container.java,org.openrewrite.mainframe.db2.tree.Db2Container,99,14,5,23,1,0.3956043956043956,7,70.22130367767969
src/main/java/org/openrewrite/mainframe/db2/tree/Db2LeftPadded.java,org.openrewrite.mainframe.db2.tree.Db2LeftPadded,30,4,3,6,2,0.16666666666666666,5,69.87083482531702
src/main/java/org/openrewrite/mainframe/db2/tree/Db2RightPadded.java,org.openrewrite.mainframe.db2.tree.Db2RightPadded,58,5,3,12,3,0.1,7,62.06171925024817
src/main/java/org/openrewrite/mainframe/db2/tree/Space.java,org.openrewrite.mainframe.db2.tree.Space,141,8,3,20,1,0.32142857142857145,2,60.22977122899786
src/main/java/org/openrewrite/mainframe/ims/Assertions.java,org.openrewrite.mainframe.ims.Assertions,41,6,0,6,2,0.0,6,69.56637867158665
src/main/java/org/openrewrite/mainframe/ims/ImsIsoVisitor.java,org.openrewrite.mainframe.ims.ImsIsoVisitor,37,7,0,7,7,0.0,9,74.42748205383059
src/main/java/org/openrewrite/mainframe/ims/ImsLineReader.java,org.openrewrite.mainframe.ims.ImsLineReader,32,2,1,8,2,0.0,5,57.673084940760916
src/main/java/org/openrewrite/mainframe/ims/ImsParser.java,org.openrewrite.mainframe.ims.ImsParser,113,5,2,11,3,0.1,27,53.077183473213815
src/main/java/org/openrewrite/mainframe/ims/ImsParsingException.java,org.openrewrite.mainframe.ims.ImsParsingException,9,1,1,1,1,1.0,1,69.5872535838517
src/main/java/org/openrewrite/mainframe/ims/ImsVisitor.java,org.openrewrite.mainframe.ims.ImsVisitor,60,8,0,9,1,0.0,12,64.47973793369476
src/main/java/org/openrewrite/mainframe/ims/internal/ImsParserVisitor.java,org.openrewrite.mainframe.ims.internal.ImsParserVisitor,302,19,7,70,2,0.017543859649122806,35,56.62008150328517
src/main/java/org/openrewrite/mainframe/ims/internal/ImsPrinter.java,org.openrewrite.mainframe.ims.internal.ImsPrinter,108,12,2,20,1,0.015151515151515152,18,64.87248645575687
src/main/java/org/openrewrite/mainframe/ims/internal/grammar/IMSLexer.java,org.openrewrite.mainframe.ims.internal.grammar.IMSLexer,269,12,33,12,12,0.0,2,60.466828392838586
src/main/java/org/openrewrite/mainframe/ims/internal/grammar/IMSParser.java,org.openrewrite.mainframe.ims.internal.grammar.IMSParser,772,21,39,58,11,0.06666666666666667,18,49.11788702219318
src/main/java/org/openrewrite/mainframe/ims/internal/grammar/IMSParserBaseListener.java,org.openrewrite.mainframe.ims.internal.grammar.IMSParserBaseListener,56,26,0,26,26,0.0,1,92.59676405031497
src/main/java/org/openrewrite/mainframe/ims/internal/grammar/IMSParserBaseVisitor.java,org.openrewrite.mainframe.ims.internal.grammar.IMSParserBaseVisitor,25,11,0,11,11,0.0,2,85.76433861972725
src/main/java/org/openrewrite/mainframe/ims/internal/grammar/IMSParserListener.java,org.openrewrite.mainframe.ims.internal.grammar.IMSParserListener,46,22,0,22,22,0.0,1,92.87771761478443
src/main/java/org/openrewrite/mainframe/ims/internal/grammar/IMSParserVisitor.java,org.openrewrite.mainframe.ims.internal.grammar.IMSParserVisitor,24,11,0,11,11,0.0,1,92.474521267659
src/main/java/org/openrewrite/mainframe/ims/trait/Application.java,org.openrewrite.mainframe.ims.trait.Application,54,6,1,8,3,0.06666666666666667,12,67.460227567898
src/main/java/org/openrewrite/mainframe/ims/trait/DataSetGroup.java,org.openrewrite.mainframe.ims.trait.DataSetGroup,74,9,1,13,5,0.027777777777777776,6,68.61759007277436
src/main/java/org/openrewrite/mainframe/ims/trait/Database.java,org.openrewrite.mainframe.ims.trait.Database,147,14,1,28,6,0.01098901098901099,20,64.4380451489826
src/main/java/org/openrewrite/mainframe/ims/trait/DatabaseAccess.java,org.openrewrite.mainframe.ims.trait.DatabaseAccess,39,4,1,5,3,0.0,6,67.74493562228723
src/main/java/org/openrewrite/mainframe/ims/trait/Definitions.java,org.openrewrite.mainframe.ims.trait.Definitions,251,39,0,78,12,0.0,19,69.18754460243265
src/main/java/org/openrewrite/mainframe/ims/trait/Device.java,org.openrewrite.mainframe.ims.trait.Device,100,11,1,20,7,0.01818181818181818,9,66.07408374287523
src/main/java/org/openrewrite/mainframe/ims/trait/DeviceField.java,org.openrewrite.mainframe.ims.trait.DeviceField,81,11,1,18,4,0.05454545454545454,7,69.38587499797703
src/main/java/org/openrewrite/mainframe/ims/trait/DevicePage.java,org.openrewrite.mainframe.ims.trait.DevicePage,63,8,1,13,4,0.10714285714285714,13,68.53383552604814
src/main/java/org/openrewrite/mainframe/ims/trait/Division.java,org.openrewrite.mainframe.ims.trait.Division,40,5,1,7,2,0.1,6,69.3722739261733
src/main/java/org/openrewrite/mainframe/ims/trait/Field.java,org.openrewrite.mainframe.ims.trait.Field,67,10,1,14,6,0.06666666666666667,7,70.37843108549585
src/main/java/org/openrewrite/mainframe/ims/trait/FormatSet.java,org.openrewrite.mainframe.ims.trait.FormatSet,72,9,1,12,6,0.027777777777777776,17,69.52574592118279
src/main/java/org/openrewrite/mainframe/ims/trait/IndexField.java,org.openrewrite.mainframe.ims.trait.IndexField,51,7,1,8,4,0.14285714285714285,6,71.33621140283886
src/main/java/org/openrewrite/mainframe/ims/trait/LogicalChild.java,org.openrewrite.mainframe.ims.trait.LogicalChild,59,8,1,11,4,0.10714285714285714,5,69.77120742204227
src/main/java/org/openrewrite/mainframe/ims/trait/LogicalPage.java,org.openrewrite.mainframe.ims.trait.LogicalPage,58,6,1,12,1,0.2,14,65.60425479458502
src/main/java/org/openrewrite/mainframe/ims/trait/Message.java,org.openrewrite.mainframe.ims.trait.Message,113,14,2,20,6,0.03296703296703297,17,69.01288239589199
src/main/java/org/openrewrite/mainframe/ims/trait/MessageField.java,org.openrewrite.mainframe.ims.trait.MessageField,124,12,1,33,3,0.09090909090909091,12,63.466740157913115
src/main/java/org/openrewrite/mainframe/ims/trait/MessageSegment.java,org.openrewrite.mainframe.ims.trait.MessageSegment,74,7,1,14,1,0.2857142857142857,10,64.7926077445782
src/main/java/org/openrewrite/mainframe/ims/trait/Operands.java,org.openrewrite.mainframe.ims.trait.Operands,103,11,0,35,3,0.0,9,64.13438324041739
src/main/java/org/openrewrite/mainframe/ims/trait/Pcb.java,org.openrewrite.mainframe.ims.trait.Pcb,110,16,1,23,8,0.05,12,70.42343162146467
src/main/java/org/openrewrite/mainframe/ims/trait/Position.java,org.openrewrite.mainframe.ims.trait.Position,25,2,2,6,2,0.0,2,60.34545128610766
src/main/java/org/openrewrite/mainframe/ims/trait/Psb.java,org.openrewrite.mainframe.ims.trait.Psb,109,13,1,25,5,0.01282051282051282,14,67.54013288449615
src/main/java/org/openrewrite/mainframe/ims/trait/Segment.java,org.openrewrite.mainframe.ims.trait.Segment,131,17,1,30,10,0.022058823529411766,18,68.54243826588177
src/main/java/org/openrewrite/mainframe/ims/trait/SensitiveField.java,org.openrewrite.mainframe.ims.trait.SensitiveField,47,6,1,7,4,0.06666666666666667,6,70.05836485936153
src/main/java/org/openrewrite/mainframe/ims/trait/SensitiveSegment.java,org.openrewrite.mainframe.ims.trait.SensitiveSegment,63,8,1,12,4,0.10714285714285714,12,68.6621174003412
src/main/java/org/openrewrite/mainframe/ims/trait/Transaction.java,org.openrewrite.mainframe.ims.trait.Transaction,43,5,1,6,3,0.1,6,69.35301548484645
src/main/java/org/openrewrite/mainframe/ims/tree/Ims.java,org.openrewrite.mainframe.ims.tree.Ims,248,6,0,7,5,0.0,3,55.52609876828066
src/main/java/org/openrewrite/mainframe/ims/tree/Space.java,org.openrewrite.mainframe.ims.tree.Space,111,8,5,26,1,0.4642857142857143,3,60.646115714111595
src/main/java/org/openrewrite/mainframe/jcl/Assertions.java,org.openrewrite.mainframe.jcl.Assertions,41,6,0,6,2,0.0,6,69.56637867158665
src/main/java/org/openrewrite/mainframe/jcl/ExpandExternalSysinVisitor.java,org.openrewrite.mainframe.jcl.ExpandExternalSysinVisitor,175,8,3,46,1,0.10714285714285714,27,51.66246645387745
src/main/java/org/openrewrite/mainframe/jcl/ExpandJobVisitor.java,org.openrewrite.mainframe.jcl.ExpandJobVisitor,624,37,4,179,4,0.006006006006006006,40,55.02649319129853
src/main/java/org/openrewrite/mainframe/jcl/ExpandedPrinter.java,org.openrewrite.mainframe.jcl.ExpandedPrinter,80,8,0,15,6,0.0,21,62.23698746618254
src/main/java/org/openrewrite/mainframe/jcl/JclIsoVisitor.java,org.openrewrite.mainframe.jcl.JclIsoVisitor,67,13,0,13,13,0.0,15,74.66682996428885
src/main/java/org/openrewrite/mainframe/jcl/JclLineReader.java,org.openrewrite.mainframe.jcl.JclLineReader,374,16,2,123,2,0.025,10,50.69759944830936
src/main/java/org/openrewrite/mainframe/jcl/JclParser.java,org.openrewrite.mainframe.jcl.JclParser,220,10,4,34,4,0.0,42,53.12469485414232
src/main/java/org/openrewrite/mainframe/jcl/JclParsingException.java,org.openrewrite.mainframe.jcl.JclParsingException,9,1,1,1,1,1.0,1,69.5872535838517
src/main/java/org/openrewrite/mainframe/jcl/JclVisitor.java,org.openrewrite.mainframe.jcl.JclVisitor,110,15,0,16,1,0.0,19,64.73715428740906
src/main/java/org/openrewrite/mainframe/jcl/Operands.java,org.openrewrite.mainframe.jcl.Operands,50,3,0,20,2,0.0,3,54.92455957842771
src/main/java/org/openrewrite/mainframe/jcl/SourcePositions.java,org.openrewrite.mainframe.jcl.SourcePositions,219,19,6,47,1,0.07602339181286549,17,61.822877153148376
src/main/java/org/openrewrite/mainframe/jcl/internal/JclParserVisitor.java,org.openrewrite.mainframe.jcl.internal.JclParserVisitor,448,27,8,95,2,0.008547008547008548,49,55.95983628620381
src/main/java/org/openrewrite/mainframe/jcl/internal/JclPrinter.java,org.openrewrite.mainframe.jcl.internal.JclPrinter,179,20,2,31,2,0.005263157894736842,28,65.08796452701708
src/main/java/org/openrewrite/mainframe/jcl/internal/grammar/JCLLexer.java,org.openrewrite.mainframe.jcl.internal.grammar.JCLLexer,457,12,54,12,12,0.0,2,53.263891204979245
src/main/java/org/openrewrite/mainframe/jcl/internal/grammar/JCLParser.java,org.openrewrite.mainframe.jcl.internal.grammar.JCLParser,1291,28,63,99,11,0.0291005291005291,25,45.9695637744233
src/main/java/org/openrewrite/mainframe/jcl/internal/grammar/JCLParserBaseListener.java,org.openrewrite.mainframe.jcl.internal.grammar.JCLParserBaseListener,84,40,0,40,40,0.0,1,92.83661696806087
src/main/java/org/openrewrite/mainframe/jcl/internal/grammar/JCLParserBaseVisitor.java,org.openrewrite.mainframe.jcl.internal.grammar.JCLParserBaseVisitor,39,18,0,18,18,0.0,2,86.21709227712424
src/main/java/org/openrewrite/mainframe/jcl/internal/grammar/JCLParserListener.java,org.openrewrite.mainframe.jcl.internal.grammar.JCLParserListener,74,36,0,36,36,0.0,1,93.03927034683126
src/main/java/org/openrewrite/mainframe/jcl/internal/grammar/JCLParserVisitor.java,org.openrewrite.mainframe.jcl.internal.grammar.JCLParserVisitor,38,18,0,18,18,0.0,1,92.78662379552657
src/main/java/org/openrewrite/mainframe/jcl/search/FindWord.java,org.openrewrite.mainframe.jcl.search.FindWord,45,3,5,12,2,0.3333333333333333,16,56.6478612173638
src/main/java/org/openrewrite/mainframe/jcl/table/JclWordSearchResult.java,org.openrewrite.mainframe.jcl.table.JclWordSearchResult,18,1,0,1,1,1.0,1,65.02715275713403
src/main/java/org/openrewrite/mainframe/jcl/trait/DataDefinition.java,org.openrewrite.mainframe.jcl.trait.DataDefinition,145,15,1,43,3,0.02857142857142857,15,64.04970383742915
src/main/java/org/openrewrite/mainframe/jcl/trait/DataSet.java,org.openrewrite.mainframe.jcl.trait.DataSet,23,2,3,5,2,0.0,1,65.23602701270197
src/main/java/org/openrewrite/mainframe/jcl/trait/Disposition.java,org.openrewrite.mainframe.jcl.trait.Disposition,62,3,3,14,2,0.0,3,54.5763711006016
src/main/java/org/openrewrite/mainframe/jcl/trait/ExecutionPath.java,org.openrewrite.mainframe.jcl.trait.ExecutionPath,177,13,1,38,2,0.01282051282051282,43,58.63266085163493
src/main/java/org/openrewrite/mainframe/jcl/trait/Gap.java,org.openrewrite.mainframe.jcl.trait.Gap,49,1,4,3,1,1.0,1,49.552835108138474
src/main/java/org/openrewrite/mainframe/jcl/trait/Job.java,org.openrewrite.mainframe.jcl.trait.Job,46,4,1,9,3,0.0,9,62.93003218170417
src/main/java/org/openrewrite/mainframe/jcl/trait/Step.java,org.openrewrite.mainframe.jcl.trait.Step,162,17,1,45,5,0.07352941176470588,20,64.51123275099046
src/main/java/org/openrewrite/mainframe/jcl/trait/Steps.java,org.openrewrite.mainframe.jcl.trait.Steps,106,12,0,36,3,0.0,17,64.57330258140777
src/main/java/org/openrewrite/mainframe/jcl/tree/Jcl.java,org.openrewrite.mainframe.jcl.tree.Jcl,414,6,0,7,5,0.0,3,50.671430295709094
src/main/java/org/openrewrite/mainframe/jcl/tree/Space.java,org.openrewrite.mainframe.jcl.tree.Space,120,8,5,26,1,0.4642857142857143,3,59.90753268966169
src/main/java/org/openrewrite/mainframe/linkedit/Assertions.java,org.openrewrite.mainframe.linkedit.Assertions,41,6,0,6,2,0.0,6,69.56637867158665
src/main/java/org/openrewrite/mainframe/linkedit/InStreamLinkEditDeck.java,org.openrewrite.mainframe.linkedit.InStreamLinkEditDeck,25,1,3,5,1,1.0,8,51.838392058354465
src/main/java/org/openrewrite/mainframe/linkedit/LanguageInterface.java,org.openrewrite.mainframe.linkedit.LanguageInterface,25,3,2,4,2,0.0,3,69.94013954721514
src/main/java/org/openrewrite/mainframe/linkedit/LinkEditIsoVisitor.java,org.openrewrite.mainframe.linkedit.LinkEditIsoVisitor,22,4,0,4,4,0.0,6,74.05099472978257
src/main/java/org/openrewrite/mainframe/linkedit/LinkEditLineReader.java,org.openrewrite.mainframe.linkedit.LinkEditLineReader,85,6,3,22,1,0.06666666666666667,7,58.674206522241306
src/main/java/org/openrewrite/mainframe/linkedit/LinkEditParser.java,org.openrewrite.mainframe.linkedit.LinkEditParser,119,6,1,13,4,0.0,30,54.76423868708409
src/main/java/org/openrewrite/mainframe/linkedit/LinkEditParsingException.java,org.openrewrite.mainframe.linkedit.LinkEditParsingException,9,1,1,1,1,1.0,1,69.5872535838517
src/main/java/org/openrewrite/mainframe/linkedit/LinkEditVisitor.java,org.openrewrite.mainframe.linkedit.LinkEditVisitor,36,5,0,5,1,0.0,9,65.05882416285085
src/main/java/org/openrewrite/mainframe/linkedit/internal/LinkEditParserVisitor.java,org.openrewrite.mainframe.linkedit.internal.LinkEditParserVisitor,217,11,8,53,1,0.05454545454545454,22,53.819043298247095
src/main/java/org/openrewrite/mainframe/linkedit/internal/LinkEditPrinter.java,org.openrewrite.mainframe.linkedit.internal.LinkEditPrinter,76,9,2,15,1,0.027777777777777776,14,65.74036672431806
src/main/java/org/openrewrite/mainframe/linkedit/internal/grammar/LinkEditLexer.java,org.openrewrite.mainframe.linkedit.internal.grammar.LinkEditLexer,182,12,22,12,12,0.0,2,66.25336670255625
src/main/java/org/openrewrite/mainframe/linkedit/internal/grammar/LinkEditParser.java,org.openrewrite.mainframe.linkedit.internal.grammar.LinkEditParser,217,12,21,19,11,0.015151515151515152,8,59.01226028737039
src/main/java/org/openrewrite/mainframe/linkedit/internal/grammar/LinkEditParserBaseListener.java,org.openrewrite.mainframe.linkedit.internal.grammar.LinkEditParserBaseListener,20,8,0,8,8,0.0,1,91.18484803721562
src/main/java/org/openrewrite/mainframe/linkedit/internal/grammar/LinkEditParserBaseVisitor.java,org.openrewrite.mainframe.linkedit.internal.grammar.LinkEditParserBaseVisitor,7,2,0,2,2,0.0,2,81.67376835885374
src/main/java/org/openrewrite/mainframe/linkedit/internal/grammar/LinkEditParserListener.java,org.openrewrite.mainframe.linkedit.internal.grammar.LinkEditParserListener,10,4,0,4,4,0.0,1,91.18484803721562
src/main/java/org/openrewrite/mainframe/linkedit/internal/grammar/LinkEditParserVisitor.java,org.openrewrite.mainframe.linkedit.internal.grammar.LinkEditParserVisitor,6,2,0,2,2,0.0,1,89.45759118337814
src/main/java/org/openrewrite/mainframe/linkedit/trait/LinkEditDeck.java,org.openrewrite.mainframe.linkedit.trait.LinkEditDeck,147,15,1,33,3,0.0,16,64.2824548948916
src/main/java/org/openrewrite/mainframe/linkedit/tree/LinkEdit.java,org.openrewrite.mainframe.linkedit.tree.LinkEdit,162,5,0,5,4,0.0,2,59.15049693795611
src/main/java/org/openrewrite/mainframe/linkedit/tree/Space.java,org.openrewrite.mainframe.linkedit.tree.Space,108,8,5,26,1,0.4642857142857143,3,60.90568494326215
src/main/java/org/openrewrite/mainframe/listload/trait/ModuleListing.java,org.openrewrite.mainframe.listload.trait.ModuleListing,556,23,5,123,2,0.0,25,51.512837226349305
src/main/java/org/openrewrite/mainframe/sas/trait/FileReference.java,org.openrewrite.mainframe.sas.trait.FileReference,74,2,1,6,2,0.0,9,50.315307968438404
src/main/java/org/openrewrite/mainframe/sas/trait/Include.java,org.openrewrite.mainframe.sas.trait.Include,68,3,1,7,2,0.0,8,56.59814879780084
src/main/java/org/openrewrite/mainframe/sas/trait/InputLayout.java,org.openrewrite.mainframe.sas.trait.InputLayout,117,6,3,23,2,0.0,14,55.04243647984782
src/main/java/org/openrewrite/mainframe/sas/trait/InstreamSas.java,org.openrewrite.mainframe.sas.trait.InstreamSas,100,9,1,20,2,0.08333333333333333,22,62.61271721062428
src/main/java/org/openrewrite/mainframe/sas/trait/Library.java,org.openrewrite.mainframe.sas.trait.Library,157,5,1,35,2,0.0,15,48.266581713047735
src/main/java/org/openrewrite/mainframe/sas/trait/MacroCall.java,org.openrewrite.mainframe.sas.trait.MacroCall,78,2,2,7,2,0.0,10,48.50882085391897
src/main/java/org/openrewrite/mainframe/sas/trait/MacroDefinition.java,org.openrewrite.mainframe.sas.trait.MacroDefinition,72,2,1,5,2,0.0,7,51.333989474665486
src/main/java/org/openrewrite/mainframe/sas/trait/SqlQuery.java,org.openrewrite.mainframe.sas.trait.SqlQuery,132,5,2,28,2,0.0,12,50.85134992798738
src/main/java/org/openrewrite/mainframe/sas/trait/Statements.java,org.openrewrite.mainframe.sas.trait.Statements,234,14,5,65,5,0.26373626373626374,12,56.97116310030644
src/main/java/org/openrewrite/mainframe/trait/Mention.java,org.openrewrite.mainframe.trait.Mention,114,7,5,48,1,0.0,8,56.28934406376667
src/main/java/org/openrewrite/mainframe/trait/RunBook.java,org.openrewrite.mainframe.trait.RunBook,192,13,3,48,1,0.0,15,58.04479966837119
src/main/java/org/openrewrite/mainframe/trait/Script.java,org.openrewrite.mainframe.trait.Script,613,14,1,75,4,0.0,18,45.7146233182347
src/test/java/org/openrewrite/mainframe/PlainTextCorpusTest.java,org.openrewrite.mainframe.PlainTextCorpusTest,507,15,0,48,1,0.0,43,46.15057122797472
src/test/java/org/openrewrite/mainframe/assembler/AssemblerParserTest.java,org.openrewrite.mainframe.assembler.AssemblerParserTest,253,15,0,15,2,0.0,29,56.32456043774227
src/test/java/org/openrewrite/mainframe/assembler/trait/AssemblerCorpusTest.java,org.openrewrite.mainframe.assembler.trait.AssemblerCorpusTest,396,16,0,63,3,0.0,59,49.33089818135666
src/test/java/org/openrewrite/mainframe/assembler/trait/CallTest.java,org.openrewrite.mainframe.assembler.trait.CallTest,114,5,0,5,5,0.0,20,53.032456789033404
src/test/java/org/openrewrite/mainframe/assembler/trait/ControlSectionTest.java,org.openrewrite.mainframe.assembler.trait.ControlSectionTest,110,4,0,4,4,0.0,19,49.64309839879788
src/test/java/org/openrewrite/mainframe/assembler/trait/ReferencesTest.java,org.openrewrite.mainframe.assembler.trait.ReferencesTest,151,6,0,6,6,0.0,26,51.01476905256226
src/test/java/org/openrewrite/mainframe/bms/BmsLineReaderTest.java,org.openrewrite.mainframe.bms.BmsLineReaderTest,43,4,0,5,3,0.0,5,63.3041525708413
src/test/java/org/openrewrite/mainframe/bms/BmsParserTest.java,org.openrewrite.mainframe.bms.BmsParserTest,133,13,0,14,5,0.0,35,62.26337078481653
src/test/java/org/openrewrite/mainframe/bms/trait/BmsCorpusTest.java,org.openrewrite.mainframe.bms.trait.BmsCorpusTest,220,7,1,44,1,0.0,37,46.992272633998894
src/test/java/org/openrewrite/mainframe/bms/trait/FieldTest.java,org.openrewrite.mainframe.bms.trait.FieldTest,299,14,0,14,14,0.0,18,53.58549854175454
src/test/java/org/openrewrite/mainframe/bms/trait/MapsetTest.java,org.openrewrite.mainframe.bms.trait.MapsetTest,122,4,0,4,4,0.0,19,48.52954987682906
src/test/java/org/openrewrite/mainframe/bms/tree/MacroStatementTest.java,org.openrewrite.mainframe.bms.tree.MacroStatementTest,139,7,0,7,1,0.0,18,54.35254691482418
src/test/java/org/openrewrite/mainframe/cobol/CobolParserTest.java,org.openrewrite.mainframe.cobol.CobolParserTest,85,8,1,8,1,0.21428571428571427,25,62.43700686847009
src/test/java/org/openrewrite/mainframe/cobol/CobolTest.java,org.openrewrite.mainframe.cobol.CobolTest,34,4,1,9,3,0.0,19,63.9257258627116
src/test/java/org/openrewrite/mainframe/cobol/CopiedWordTest.java,org.openrewrite.mainframe.cobol.CopiedWordTest,52,4,0,6,2,0.0,15,60.4240169449775
src/test/java/org/openrewrite/mainframe/cobol/CopybookParserTest.java,org.openrewrite.mainframe.cobol.CopybookParserTest,16,2,1,2,1,1.0,4,69.09956095205105
src/test/java/org/openrewrite/mainframe/cobol/CopybookWithoutWordsTest.java,org.openrewrite.mainframe.cobol.CopybookWithoutWordsTest,104,5,0,5,5,0.0,2,63.65743585260774
src/test/java/org/openrewrite/mainframe/cobol/Corpus.java,org.openrewrite.mainframe.cobol.Corpus,148,26,0,29,6,0.0,38,71.71944297199738
src/test/java/org/openrewrite/mainframe/cobol/CorpusCoverageTest.java,org.openrewrite.mainframe.cobol.CorpusCoverageTest,228,11,0,40,3,0.0,48,51.93139887447632
src/test/java/org/openrewrite/mainframe/cobol/ExecStatementTest.java,org.openrewrite.mainframe.cobol.ExecStatementTest,251,20,0,27,6,0.0,28,60.891077645795214
src/test/java/org/openrewrite/mainframe/cobol/FixtureCoverageTest.java,org.openrewrite.mainframe.cobol.FixtureCoverageTest,104,4,0,12,1,0.0,52,48.37983376542633
src/test/java/org/openrewrite/mainframe/cobol/PartialWordReplacingTest.java,org.openrewrite.mainframe.cobol.PartialWordReplacingTest,43,2,0,2,2,0.0,4,60.80198401894214
src/test/java/org/openrewrite/mainframe/cobol/SourcePositionsTest.java,org.openrewrite.mainframe.cobol.SourcePositionsTest,242,13,1,20,5,0.0,32,55.03382237824744
src/test/java/org/openrewrite/mainframe/cobol/cleanup/RemoveWithDebuggingModeTest.java,org.openrewrite.mainframe.cobol.cleanup.RemoveWithDebuggingModeTest,219,8,0,8,8,0.0,5,59.41433037660835
src/test/java/org/openrewrite/mainframe/cobol/search/FindCopybookTest.java,org.openrewrite.mainframe.cobol.search.FindCopybookTest,182,7,0,7,7,0.0,13,53.30293386964085
src/test/java/org/openrewrite/mainframe/cobol/search/FindIndicatorsTest.java,org.openrewrite.mainframe.cobol.search.FindIndicatorsTest,748,3,1,4,3,0.0,14,32.512026324910195
src/test/java/org/openrewrite/mainframe/cobol/search/FindRelationshipsTest.java,org.openrewrite.mainframe.cobol.search.FindRelationshipsTest,1566,39,0,44,22,0.0,28,45.35472602061223
src/test/java/org/openrewrite/mainframe/cobol/search/FindWordTest.java,org.openrewrite.mainframe.cobol.search.FindWordTest,1339,6,2,7,4,0.2,15,33.39795322881613
src/test/java/org/openrewrite/mainframe/cobol/trait/CicsCommandTest.java,org.openrewrite.mainframe.cobol.trait.CicsCommandTest,276,13,0,13,1,0.0,22,53.92048701742227
src/test/java/org/openrewrite/mainframe/cobol/trait/CopybookReferenceTest.java,org.openrewrite.mainframe.cobol.trait.CopybookReferenceTest,95,5,0,5,1,0.0,14,57.07839476441588
src/test/java/org/openrewrite/mainframe/cobol/trait/DataNameTest.java,org.openrewrite.mainframe.cobol.trait.DataNameTest,382,12,0,27,2,0.0,42,46.741125045569916
src/test/java/org/openrewrite/mainframe/cobol/trait/DliCallTest.java,org.openrewrite.mainframe.cobol.trait.DliCallTest,244,11,0,11,1,0.0,18,54.35837407555701
src/test/java/org/openrewrite/mainframe/cobol/trait/ProcedureTest.java,org.openrewrite.mainframe.cobol.trait.ProcedureTest,93,7,0,7,4,0.0,14,61.166439160115374
src/test/java/org/openrewrite/mainframe/cobol/trait/SearchableTextTest.java,org.openrewrite.mainframe.cobol.trait.SearchableTextTest,285,11,1,24,3,0.38181818181818183,47,49.614788453445016
src/test/java/org/openrewrite/mainframe/cobol/tree/cobol/CobolParserAnsi85DivisionTest.java,org.openrewrite.mainframe.cobol.tree.cobol.CobolParserAnsi85DivisionTest,1951,94,0,96,92,0.0,32,58.28967467053855
src/test/java/org/openrewrite/mainframe/cobol/tree/cobol/CobolParserCopyTest.java,org.openrewrite.mainframe.cobol.tree.cobol.CobolParserCopyTest,4435,19,8,19,19,0.0,4,38.36027471013239
src/test/java/org/openrewrite/mainframe/cobol/tree/cobol/CobolParserHPTandemDivisionTest.java,org.openrewrite.mainframe.cobol.tree.cobol.CobolParserHPTandemDivisionTest,1139,57,0,57,57,0.0,6,63.91816105729802
src/test/java/org/openrewrite/mainframe/cobol/tree/cobol/CobolParserReplaceTest.java,org.openrewrite.mainframe.cobol.tree.cobol.CobolParserReplaceTest,3055,10,6,10,10,0.0,3,36.10281939428498
src/test/java/org/openrewrite/mainframe/cobol/tree/cobol/CobolParserSourceMarkersTest.java,org.openrewrite.mainframe.cobol.tree.cobol.CobolParserSourceMarkersTest,214,14,0,14,14,0.0,2,65.67994268990542
src/test/java/org/openrewrite/mainframe/cobol/tree/cobol/CompilationUnitIdentityTest.java,org.openrewrite.mainframe.cobol.tree.cobol.CompilationUnitIdentityTest,39,2,0,2,2,0.0,10,55.94250540670648
src/test/java/org/openrewrite/mainframe/cobol/tree/cobol/DataDescriptionEntryTest.java,org.openrewrite.mainframe.cobol.tree.cobol.DataDescriptionEntryTest,111,7,0,9,2,0.0,12,60.609042591437415
src/test/java/org/openrewrite/mainframe/cobol/tree/cobol/FloatingCommentTest.java,org.openrewrite.mainframe.cobol.tree.cobol.FloatingCommentTest,211,15,0,23,8,0.0,18,60.80612621809678
src/test/java/org/openrewrite/mainframe/cobol/tree/preprocessor/CobolPreprocessorAnsi85DivisionTest.java,org.openrewrite.mainframe.cobol.tree.preprocessor.CobolPreprocessorAnsi85DivisionTest,1521,77,0,77,77,0.0,2,64.1466106386235
src/test/java/org/openrewrite/mainframe/cobol/tree/preprocessor/CobolPreprocessorCopyTest.java,org.openrewrite.mainframe.cobol.tree.preprocessor.CobolPreprocessorCopyTest,108,12,2,17,11,0.0,28,63.9796435577126
src/test/java/org/openrewrite/mainframe/cobol/tree/preprocessor/CobolPreprocessorCopybookTest.java,org.openrewrite.mainframe.cobol.tree.preprocessor.CobolPreprocessorCopybookTest,435,53,0,53,53,0.0,20,69.43353244839341
src/test/java/org/openrewrite/mainframe/cobol/tree/preprocessor/CobolPreprocessorReplaceTest.java,org.openrewrite.mainframe.cobol.tree.preprocessor.CobolPreprocessorReplaceTest,1097,7,2,7,2,0.7142857142857143,19,30.87477987543404
src/test/java/org/openrewrite/mainframe/cobol/tree/preprocessor/CobolPreprocessorSourceMarkersTest.java,org.openrewrite.mainframe.cobol.tree.preprocessor.CobolPreprocessorSourceMarkersTest,217,14,0,14,14,0.0,2,65.5480563249923
src/test/java/org/openrewrite/mainframe/controlcard/ControlCardCorpusTest.java,org.openrewrite.mainframe.controlcard.ControlCardCorpusTest,283,11,3,58,2,0.0,52,48.75777231755464
src/test/java/org/openrewrite/mainframe/controlcard/InStreamCardsTest.java,org.openrewrite.mainframe.controlcard.InStreamCardsTest,155,5,1,5,4,0.1,10,50.59055360152561
src/test/java/org/openrewrite/mainframe/controlcard/idcams/IdcamsParserTest.java,org.openrewrite.mainframe.controlcard.idcams.IdcamsParserTest,124,6,0,6,6,0.0,21,54.188397341990985
src/test/java/org/openrewrite/mainframe/controlcard/idcams/trait/IdcamsCommandTest.java,org.openrewrite.mainframe.controlcard.idcams.trait.IdcamsCommandTest,139,5,0,5,5,0.0,15,49.707361853715256
src/test/java/org/openrewrite/mainframe/controlcard/sort/SortParserTest.java,org.openrewrite.mainframe.controlcard.sort.SortParserTest,145,8,0,8,8,0.0,21,55.450686481710406
src/test/java/org/openrewrite/mainframe/controlcard/sort/trait/SortStatementTest.java,org.openrewrite.mainframe.controlcard.sort.trait.SortStatementTest,93,4,0,4,4,0.0,15,51.98764678065693
src/test/java/org/openrewrite/mainframe/controlcard/utility/InStreamUnloadDeckTest.java,org.openrewrite.mainframe.controlcard.utility.InStreamUnloadDeckTest,166,8,1,10,4,0.21428571428571427,31,53.62772017886787
src/test/java/org/openrewrite/mainframe/controlcard/utility/UtilityParserTest.java,org.openrewrite.mainframe.controlcard.utility.UtilityParserTest,266,11,0,11,11,0.0,30,51.74789299061105
src/test/java/org/openrewrite/mainframe/controlcard/utility/trait/UnloadCommandTest.java,org.openrewrite.mainframe.controlcard.utility.trait.UnloadCommandTest,255,8,0,8,8,0.0,20,48.721347915780626
src/test/java/org/openrewrite/mainframe/controlcard/utility/trait/UnloadCorpusTest.java,org.openrewrite.mainframe.controlcard.utility.trait.UnloadCorpusTest,259,7,3,38,1,0.0,51,43.88106924142185
src/test/java/org/openrewrite/mainframe/controlm/ExportScaleTest.java,org.openrewrite.mainframe.controlm.ExportScaleTest,104,2,2,6,1,0.0,23,40.4095473298614
src/test/java/org/openrewrite/mainframe/controlm/trait/CalendarTest.java,org.openrewrite.mainframe.controlm.trait.CalendarTest,57,4,0,5,1,0.0,16,57.83553471675482
src/test/java/org/openrewrite/mainframe/controlm/trait/ControlMCorpusTest.java,org.openrewrite.mainframe.controlm.trait.ControlMCorpusTest,232,13,0,44,1,0.0,38,53.96020295916856
src/test/java/org/openrewrite/mainframe/controlm/trait/ScheduledJobTest.java,org.openrewrite.mainframe.controlm.trait.ScheduledJobTest,176,7,2,8,1,0.42857142857142855,31,50.2723271265115
src/test/java/org/openrewrite/mainframe/controlm/tree/CompilationUnitTest.java,org.openrewrite.mainframe.controlm.tree.CompilationUnitTest,422,6,0,6,6,0.0,3,51.19019253515459
src/test/java/org/openrewrite/mainframe/controlm/tree/ExportTest.java,org.openrewrite.mainframe.controlm.tree.ExportTest,120,5,0,5,5,0.0,14,52.262303126577294
src/test/java/org/openrewrite/mainframe/controlm/tree/ParserAssertions.java,org.openrewrite.mainframe.controlm.tree.ParserAssertions,36,6,0,6,3,0.0,13,69.77659991041934
src/test/java/org/openrewrite/mainframe/db2/Db2ParserTest.java,org.openrewrite.mainframe.db2.Db2ParserTest,464,30,0,34,2,0.0,52,56.82470975000533
src/test/java/org/openrewrite/mainframe/db2/bind/BindLineReaderTest.java,org.openrewrite.mainframe.db2.bind.BindLineReaderTest,44,4,0,4,4,0.0,4,65.99763843300748
src/test/java/org/openrewrite/mainframe/db2/bind/BindParserTest.java,org.openrewrite.mainframe.db2.bind.BindParserTest,144,9,0,9,8,0.0,33,57.281522493141985
src/test/java/org/openrewrite/mainframe/db2/bind/InStreamBindDeckTest.java,org.openrewrite.mainframe.db2.bind.InStreamBindDeckTest,115,4,0,4,4,0.0,15,50.194479824716794
src/test/java/org/openrewrite/mainframe/db2/bind/trait/BindCommandTest.java,org.openrewrite.mainframe.db2.bind.trait.BindCommandTest,160,6,0,6,6,0.0,17,50.151124561288285
src/test/java/org/openrewrite/mainframe/db2/bind/trait/BindCorpusTest.java,org.openrewrite.mainframe.db2.bind.trait.BindCorpusTest,176,6,0,33,1,0.0,42,47.11935571078781
src/test/java/org/openrewrite/mainframe/db2/trait/Db2CorpusTest.java,org.openrewrite.mainframe.db2.trait.Db2CorpusTest,360,11,4,58,1,0.0,51,46.16973205591523
src/test/java/org/openrewrite/mainframe/db2/trait/InstreamDdlTest.java,org.openrewrite.mainframe.db2.trait.InstreamDdlTest,81,2,0,2,2,0.0,21,45.36584053505282
src/test/java/org/openrewrite/mainframe/db2/trait/TableTest.java,org.openrewrite.mainframe.db2.trait.TableTest,151,5,0,5,5,0.0,20,48.85780436802476
src/test/java/org/openrewrite/mainframe/ims/ImsLineReaderTest.java,org.openrewrite.mainframe.ims.ImsLineReaderTest,61,5,0,6,3,0.0,6,61.34527322411238
src/test/java/org/openrewrite/mainframe/ims/ImsParserTest.java,org.openrewrite.mainframe.ims.ImsParserTest,225,19,0,20,3,0.0,39,60.1783097426275
src/test/java/org/openrewrite/mainframe/ims/trait/ApplicationTest.java,org.openrewrite.mainframe.ims.trait.ApplicationTest,95,7,1,8,2,0.14285714285714285,29,58.8185860215775
src/test/java/org/openrewrite/mainframe/ims/trait/DatabaseTest.java,org.openrewrite.mainframe.ims.trait.DatabaseTest,206,11,1,12,1,0.18181818181818182,34,54.09583957901366
src/test/java/org/openrewrite/mainframe/ims/trait/FormatSetTest.java,org.openrewrite.mainframe.ims.trait.FormatSetTest,239,12,1,14,2,0.045454545454545456,36,52.92053072443829
src/test/java/org/openrewrite/mainframe/ims/trait/ImsCorpusTest.java,org.openrewrite.mainframe.ims.trait.ImsCorpusTest,488,10,0,50,2,0.0,56,40.055822423301926
src/test/java/org/openrewrite/mainframe/ims/trait/PsbTest.java,org.openrewrite.mainframe.ims.trait.PsbTest,235,14,2,15,1,0.10989010989010989,30,55.72467319997085
src/test/java/org/openrewrite/mainframe/jcl/JclLineReaderTest.java,org.openrewrite.mainframe.jcl.JclLineReaderTest,385,23,0,23,23,0.0,6,61.56581376731354
src/test/java/org/openrewrite/mainframe/jcl/JclParserTest.java,org.openrewrite.mainframe.jcl.JclParserTest,117,13,1,14,2,0.5769230769230769,35,64.12283735686898
src/test/java/org/openrewrite/mainframe/jcl/SourcePositionsCorpusTest.java,org.openrewrite.mainframe.jcl.SourcePositionsCorpusTest,142,5,0,33,2,0.0,34,47.69425393371548
src/test/java/org/openrewrite/mainframe/jcl/SourcePositionsTest.java,org.openrewrite.mainframe.jcl.SourcePositionsTest,195,11,1,18,1,0.01818181818181818,29,54.53565662268743
src/test/java/org/openrewrite/mainframe/jcl/search/FindWordTest.java,org.openrewrite.mainframe.jcl.search.FindWordTest,62,4,0,4,4,0.0,10,60.63454527190623
src/test/java/org/openrewrite/mainframe/jcl/trait/ExecutionPathCorpusTest.java,org.openrewrite.mainframe.jcl.trait.ExecutionPathCorpusTest,93,5,1,13,1,0.0,27,54.225153531775135
src/test/java/org/openrewrite/mainframe/jcl/trait/ExecutionPathTest.java,org.openrewrite.mainframe.jcl.trait.ExecutionPathTest,275,10,1,10,1,0.06666666666666667,20,51.1541298263883
src/test/java/org/openrewrite/mainframe/jcl/trait/ExpandedStepTest.java,org.openrewrite.mainframe.jcl.trait.ExpandedStepTest,198,8,2,8,1,0.5357142857142857,21,51.39603417753758
src/test/java/org/openrewrite/mainframe/jcl/trait/JclCorpusTest.java,org.openrewrite.mainframe.jcl.trait.JclCorpusTest,211,5,1,40,2,0.0,41,42.38232529507612
src/test/java/org/openrewrite/mainframe/jcl/trait/JclCoverageTest.java,org.openrewrite.mainframe.jcl.trait.JclCoverageTest,48,1,0,10,1,1.0,28,39.019904809667004
src/test/java/org/openrewrite/mainframe/jcl/trait/StepTest.java,org.openrewrite.mainframe.jcl.trait.StepTest,252,11,0,11,3,0.0,24,52.22661929457895
src/test/java/org/openrewrite/mainframe/jcl/tree/CntlTest.java,org.openrewrite.mainframe.jcl.tree.CntlTest,16,1,0,1,1,1.0,3,63.934609813980245
src/test/java/org/openrewrite/mainframe/jcl/tree/CommentStatementTest.java,org.openrewrite.mainframe.jcl.tree.CommentStatementTest,92,7,0,7,7,0.0,2,66.95985361970617
src/test/java/org/openrewrite/mainframe/jcl/tree/ContinuationTest.java,org.openrewrite.mainframe.jcl.tree.ContinuationTest,64,4,0,4,4,0.0,2,66.14299204229977
src/test/java/org/openrewrite/mainframe/jcl/tree/ControlMTest.java,org.openrewrite.mainframe.jcl.tree.ControlMTest,57,4,0,4,4,0.0,2,67.24034608411671
src/test/java/org/openrewrite/mainframe/jcl/tree/DataDefinitionTest.java,org.openrewrite.mainframe.jcl.tree.DataDefinitionTest,252,19,0,19,19,0.0,14,63.64822647187815
src/test/java/org/openrewrite/mainframe/jcl/tree/EndCntlTest.java,org.openrewrite.mainframe.jcl.tree.EndCntlTest,18,1,0,1,1,1.0,3,62.81877052881451
src/test/java/org/openrewrite/mainframe/jcl/tree/ExecTest.java,org.openrewrite.mainframe.jcl.tree.ExecTest,78,8,0,8,8,0.0,3,70.11631927899104
src/test/java/org/openrewrite/mainframe/jcl/tree/ExpansionTest.java,org.openrewrite.mainframe.jcl.tree.ExpansionTest,464,25,1,32,2,0.51,34,55.68174719630344
src/test/java/org/openrewrite/mainframe/jcl/tree/ExportTest.java,org.openrewrite.mainframe.jcl.tree.ExportTest,66,8,0,8,8,0.0,3,72.03732070262973
src/test/java/org/openrewrite/mainframe/jcl/tree/ExternalSysinTest.java,org.openrewrite.mainframe.jcl.tree.ExternalSysinTest,425,31,1,35,4,0.2924731182795699,32,60.10456817396715
src/test/java/org/openrewrite/mainframe/jcl/tree/IfTest.java,org.openrewrite.mainframe.jcl.tree.IfTest,81,4,0,4,4,0.0,3,62.12315620212714
src/test/java/org/openrewrite/mainframe/jcl/tree/IncludeTest.java,org.openrewrite.mainframe.jcl.tree.IncludeTest,24,2,0,2,2,0.0,3,67.56799551282307
src/test/java/org/openrewrite/mainframe/jcl/tree/JclLibTest.java,org.openrewrite.mainframe.jcl.tree.JclLibTest,74,9,0,9,9,0.0,3,72.10930468919085
src/test/java/org/openrewrite/mainframe/jcl/tree/JclTest.java,org.openrewrite.mainframe.jcl.tree.JclTest,116,8,0,8,8,0.0,3,66.69477434292503
src/test/java/org/openrewrite/mainframe/jcl/tree/Jes2Test.java,org.openrewrite.mainframe.jcl.tree.Jes2Test,9,1,0,1,1,1.0,2,71.5938102571756
src/test/java/org/openrewrite/mainframe/jcl/tree/Jes3Test.java,org.openrewrite.mainframe.jcl.tree.Jes3Test,8,1,0,1,1,1.0,2,72.70964954234137
src/test/java/org/openrewrite/mainframe/jcl/tree/JobControlStatementTest.java,org.openrewrite.mainframe.jcl.tree.JobControlStatementTest,238,12,0,16,5,0.0,25,54.27855891007636
src/test/java/org/openrewrite/mainframe/jcl/tree/JobTest.java,org.openrewrite.mainframe.jcl.tree.JobTest,67,8,0,8,8,0.0,3,71.89485660128145
src/test/java/org/openrewrite/mainframe/jcl/tree/OutputTest.java,org.openrewrite.mainframe.jcl.tree.OutputTest,60,7,0,7,7,0.0,3,71.62451742030336
src/test/java/org/openrewrite/mainframe/jcl/tree/ParserAssertions.java,org.openrewrite.mainframe.jcl.tree.ParserAssertions,106,13,0,15,5,0.0,20,66.04468446687407
src/test/java/org/openrewrite/mainframe/jcl/tree/PendTest.java,org.openrewrite.mainframe.jcl.tree.PendTest,18,1,0,1,1,1.0,3,62.81877052881451
src/test/java/org/openrewrite/mainframe/jcl/tree/ProcTest.java,org.openrewrite.mainframe.jcl.tree.ProcTest,39,4,0,4,4,0.0,3,70.11631927899104
src/test/java/org/openrewrite/mainframe/jcl/tree/SequenceFieldTest.java,org.openrewrite.mainframe.jcl.tree.SequenceFieldTest,87,8,0,13,2,0.0,24,61.89799484159559
src/test/java/org/openrewrite/mainframe/jcl/tree/SetTest.java,org.openrewrite.mainframe.jcl.tree.SetTest,60,7,0,7,7,0.0,3,71.62451742030336
src/test/java/org/openrewrite/mainframe/jcl/tree/UnknownTest.java,org.openrewrite.mainframe.jcl.tree.UnknownTest,44,2,0,2,2,0.0,2,63.12606195801891
src/test/java/org/openrewrite/mainframe/jcl/tree/XmitTest.java,org.openrewrite.mainframe.jcl.tree.XmitTest,60,7,0,7,7,0.0,3,71.62451742030336
src/test/java/org/openrewrite/mainframe/linkedit/InStreamLinkEditDeckTest.java,org.openrewrite.mainframe.linkedit.InStreamLinkEditDeckTest,95,4,0,4,4,0.0,15,52.79019648463894
src/test/java/org/openrewrite/mainframe/linkedit/LinkEditLineReaderTest.java,org.openrewrite.mainframe.linkedit.LinkEditLineReaderTest,77,7,0,8,4,0.0,6,63.92040962458596
src/test/java/org/openrewrite/mainframe/linkedit/LinkEditParserTest.java,org.openrewrite.mainframe.linkedit.LinkEditParserTest,197,12,0,13,9,0.0,37,55.984031547162864
src/test/java/org/openrewrite/mainframe/linkedit/trait/LinkEditCorpusTest.java,org.openrewrite.mainframe.linkedit.trait.LinkEditCorpusTest,240,8,0,45,2,0.0,45,46.85480776523203
src/test/java/org/openrewrite/mainframe/linkedit/trait/LinkEditDeckTest.java,org.openrewrite.mainframe.linkedit.trait.LinkEditDeckTest,107,5,0,5,5,0.0,14,53.514556299100214
src/test/java/org/openrewrite/mainframe/listload/trait/ListLoadCorpusTest.java,org.openrewrite.mainframe.listload.trait.ListLoadCorpusTest,267,8,4,44,1,0.0,44,44.98074435984878
src/test/java/org/openrewrite/mainframe/listload/trait/ModuleListingTest.java,org.openrewrite.mainframe.listload.trait.ModuleListingTest,237,11,2,12,6,0.16363636363636364,20,53.12632593962053
src/test/java/org/openrewrite/mainframe/sas/trait/InputLayoutTest.java,org.openrewrite.mainframe.sas.trait.InputLayoutTest,92,5,0,5,2,0.0,10,56.30404134350288
src/test/java/org/openrewrite/mainframe/sas/trait/InstreamSasTest.java,org.openrewrite.mainframe.sas.trait.InstreamSasTest,65,3,0,3,3,0.0,19,53.835954202178506
src/test/java/org/openrewrite/mainframe/sas/trait/ReferencesTest.java,org.openrewrite.mainframe.sas.trait.ReferencesTest,165,6,0,6,6,0.0,21,50.00409716022069
src/test/java/org/openrewrite/mainframe/sas/trait/SasCorpusTest.java,org.openrewrite.mainframe.sas.trait.SasCorpusTest,329,15,0,51,1,0.0,62,51.13777206594915
src/test/java/org/openrewrite/mainframe/sas/trait/SqlQueryTest.java,org.openrewrite.mainframe.sas.trait.SqlQueryTest,82,4,0,5,1,0.0,11,56.444167947981924
src/test/java/org/openrewrite/mainframe/sas/trait/StatementsTest.java,org.openrewrite.mainframe.sas.trait.StatementsTest,88,6,0,6,6,0.0,9,59.012116879367795
src/test/java/org/openrewrite/mainframe/trait/RunBookTest.java,org.openrewrite.mainframe.trait.RunBookTest,152,7,0,8,1,0.0,16,53.3448662021368
src/test/java/org/openrewrite/mainframe/trait/ScriptTest.java,org.openrewrite.mainframe.trait.ScriptTest,224,10,0,10,4,0.0,19,52.70478821285964
