Convention type,Pattern,Example,Frequency,Scope
imports,Static imports from org.openrewrite.mainframe.cobol,org.openrewrite.mainframe.cobol.Assertions.preprocessor,,project-wide
naming,Test suffix for classes,BadBoysTest,,project-wide
imports,Static imports from java.util,java.util.Arrays.asList,,project-wide
comments,Classes have Javadoc documentation,Members,,project-wide
naming,UPPER_SNAKE_CASE for constants,CLIST_FILE_EXTENSIONS,,project-wide
naming,get* method naming pattern,getExtensions,,project-wide
comments,Methods have Javadoc documentation,kindOf,,project-wide
naming,is* method naming pattern,isRexxExec,,project-wide
imports,Static imports from org.openrewrite,org.openrewrite.Tree.randomId,,project-wide
naming,parse* method naming pattern,parseInputs,,project-wide
naming,Builder suffix for classes,Builder,,project-wide
naming,camelCase for constants,flyweights,,project-wide
naming,Exception suffix for classes,BmsParsingException,,project-wide
imports,Static imports from org.openrewrite.mainframe.bms.tree,org.openrewrite.mainframe.bms.tree.Space.EMPTY,,project-wide
naming,has* method naming pattern,hasExtendedAttributes,,project-wide
imports,Static imports from java.util.stream,java.util.stream.Collectors.toList,,project-wide
naming,Utils suffix for classes,CobolPrinterUtils,,project-wide
naming,set* method naming pattern,setCobolDialect,,project-wide
imports,Static imports from org.openrewrite.mainframe.cobol.tree,org.openrewrite.mainframe.cobol.tree.Space.EMPTY,,project-wide
imports,Static imports from org.openrewrite.mainframe.cobol.internal,org.openrewrite.mainframe.cobol.internal.CobolGrammarToken.COMMENT_ENTRY,,project-wide
naming,convert* method naming pattern,convertAll,,project-wide
naming,process* method naming pattern,processTokenText,,project-wide
naming,delete* method naming pattern,deleteStatement,,project-wide
imports,Static imports from org.openrewrite.mainframe.cobol.table.CobolRelationships,org.openrewrite.mainframe.cobol.table.CobolRelationships.ResourceAction.*,,project-wide
naming,format* method naming pattern,formatSetRelationships,,project-wide
naming,Repository suffix for classes,Repository,,project-wide
imports,Static imports from org.openrewrite.mainframe.controlcard.idcams.tree,org.openrewrite.mainframe.controlcard.idcams.tree.Space.EMPTY,,project-wide
imports,Static imports from org.openrewrite.mainframe.controlcard.sort.tree,org.openrewrite.mainframe.controlcard.sort.tree.Space.EMPTY,,project-wide
imports,Static imports from org.openrewrite.mainframe.controlcard.utility.tree,org.openrewrite.mainframe.controlcard.utility.tree.Space.EMPTY,,project-wide
imports,Static imports from java.nio.charset,java.nio.charset.StandardCharsets.UTF_8,,project-wide
imports,Static imports from org.openrewrite.mainframe.db2.bind.tree,org.openrewrite.mainframe.db2.bind.tree.Space.EMPTY,,project-wide
imports,Static imports from org.openrewrite.mainframe.db2.tree,org.openrewrite.mainframe.db2.tree.Space.EMPTY,,project-wide
naming,create* method naming pattern,createTable,,project-wide
imports,Static imports from org.openrewrite.mainframe.ims.tree,org.openrewrite.mainframe.ims.tree.Space.EMPTY,,project-wide
naming,I prefix for interfaces,IMSParserListener,,project-wide
naming,build* method naming pattern,buildStreamNodes,,project-wide
imports,Static imports from org.openrewrite.mainframe.jcl.tree,org.openrewrite.mainframe.jcl.tree.Space.EMPTY,,project-wide
imports,Static imports from org.openrewrite.mainframe.linkedit,org.openrewrite.mainframe.linkedit.LinkEditLineReader.DATA_COLUMNS,,project-wide
imports,Static imports from org.openrewrite.mainframe.linkedit.tree,org.openrewrite.mainframe.linkedit.tree.Space.EMPTY,,project-wide
imports,Static imports from org.assertj.core.api,org.assertj.core.api.Assertions.assertThat,,project-wide
imports,Static imports from org.openrewrite.mainframe.assembler,org.openrewrite.mainframe.assembler.Assertions.assembler,,project-wide
imports,Static imports from org.openrewrite.mainframe.bms,org.openrewrite.mainframe.bms.Assertions.bms,,project-wide
imports,Static imports from org.openrewrite.test,org.openrewrite.test.RewriteTest.toRecipe,,project-wide
imports,Static imports from org.openrewrite.mainframe.cobol.table.CopybookSource,org.openrewrite.mainframe.cobol.table.CopybookSource.ResolutionStatus.MISSING_SOURCE,,project-wide
naming,find* method naming pattern,findMissingCopybookInCopySource,,project-wide
imports,Static imports from org.openrewrite.mainframe.controlcard.idcams,org.openrewrite.mainframe.controlcard.idcams.Assertions.idcamsCard,,project-wide
imports,Static imports from org.openrewrite.mainframe.controlcard.sort,org.openrewrite.mainframe.controlcard.sort.Assertions.sortCard,,project-wide
imports,Static imports from org.openrewrite.mainframe.controlm,org.openrewrite.mainframe.controlm.Assertions.controlM,,project-wide
imports,Static imports from org.openrewrite.mainframe.db2.bind,org.openrewrite.mainframe.db2.bind.Assertions.bind,,project-wide
imports,Static imports from org.openrewrite.mainframe.ims,org.openrewrite.mainframe.ims.Assertions.ims,,project-wide
imports,Static imports from org.openrewrite.mainframe.jcl,org.openrewrite.mainframe.jcl.Assertions.jcl,,project-wide
imports,Static imports from org.openrewrite.mainframe.controlcard.utility,org.openrewrite.mainframe.controlcard.utility.Assertions.utilityCard,,project-wide
imports,Static imports from org.openrewrite.mainframe.controlm.tree,org.openrewrite.mainframe.controlm.tree.ParserAssertions.controlM,,project-wide
imports,Static imports from org.openrewrite.mainframe.db2,org.openrewrite.mainframe.db2.Assertions.db2,,project-wide
imports,Static imports from org.openrewrite.mainframe.ims.trait.Psb,org.openrewrite.mainframe.ims.trait.Psb.ProgramKind.BATCH,,project-wide
