Source path,Class name,Simple name,Asset type,Description,Fields
src/main/java/org/openrewrite/mainframe/cobol/trait/CicsCommand.java,org.openrewrite.mainframe.cobol.trait.CicsCommand,CicsCommand,DTO,"DTO cics command with fields: cursor, exec, verb, qualifier, options and 1 more","cursor, exec, verb, qualifier, options, QUALIFIERS"
src/main/java/org/openrewrite/mainframe/controlcard/idcams/trait/IdcamsCommand.java,org.openrewrite.mainframe.controlcard.idcams.trait.IdcamsCommand,IdcamsCommand,DTO,"DTO idcams command with fields: VERBS, OBJECT_TYPES, DATA_SETS, OPTIONS, cursor","VERBS, OBJECT_TYPES, DATA_SETS, OPTIONS, cursor"
src/main/java/org/openrewrite/mainframe/controlcard/idcams/tree/Idcams.java,org.openrewrite.mainframe.controlcard.idcams.tree.Idcams$Command,Command,DTO,"DTO command with fields: id, prefix, markers, verb, parameters","id, prefix, markers, verb, parameters"
src/main/java/org/openrewrite/mainframe/controlcard/utility/trait/UnloadCommand.java,org.openrewrite.mainframe.controlcard.utility.trait.UnloadCommand,UnloadCommand,DTO,DTO unload command with fields: cursor,cursor
src/main/java/org/openrewrite/mainframe/db2/bind/trait/BindCommand.java,org.openrewrite.mainframe.db2.bind.trait.BindCommand,BindCommand,DTO,DTO bind command with fields: cursor,cursor
src/main/java/org/openrewrite/mainframe/db2/bind/tree/Bind.java,org.openrewrite.mainframe.db2.bind.tree.Bind$Command,Command,DTO,"DTO command with fields: id, prefix, markers, verb, operands","id, prefix, markers, verb, operands"
src/main/java/org/openrewrite/mainframe/db2/tree/Db2.java,org.openrewrite.mainframe.db2.tree.Db2$TableAsQuery,TableAsQuery,DTO,"DTO table as query with fields: id, prefix, markers, keywords, query and 1 more","id, prefix, markers, keywords, query, options"
src/main/java/org/openrewrite/mainframe/db2/tree/Db2.java,org.openrewrite.mainframe.db2.tree.Db2$Query,Query,DTO,"DTO query with fields: id, prefix, markers, parts","id, prefix, markers, parts"
src/main/java/org/openrewrite/mainframe/ims/trait/Message.java,org.openrewrite.mainframe.ims.trait.Message,Message,DTO,"DTO message with fields: PREFIX_LENGTH, cursor","PREFIX_LENGTH, cursor"
src/main/java/org/openrewrite/mainframe/listload/trait/ModuleListing.java,org.openrewrite.mainframe.listload.trait.ModuleListing$Request,Request,DTO,"DTO request with fields: function, ddName, output, line","function, ddName, output, line"
src/main/java/org/openrewrite/mainframe/sas/trait/SqlQuery.java,org.openrewrite.mainframe.sas.trait.SqlQuery,SqlQuery,DTO,"DTO sql query with fields: ENDS_LIST, cursor","ENDS_LIST, cursor"
src/main/java/org/openrewrite/mainframe/sas/trait/SqlQuery.java,org.openrewrite.mainframe.sas.trait.SqlQuery$Query,Query,DTO,"DTO query with fields: tables, line","tables, line"
