Source path,Owner class FQN,Field name,Serialized name,Serialized name source,Type FQN,Type resolution,Is collection,Is map,Is optional,Format,Required,Validations JSON,Example value
src/main/java/org/openrewrite/mainframe/cobol/trait/CicsCommand.java,org.openrewrite.mainframe.cobol.trait.CicsCommand,cursor,cursor,java-name,org.openrewrite.Cursor,resolved,false,false,false,,false,{},
src/main/java/org/openrewrite/mainframe/cobol/trait/CicsCommand.java,org.openrewrite.mainframe.cobol.trait.CicsCommand,exec,exec,java-name,org.openrewrite.mainframe.cobol.tree.CobolPreprocessor$ExecStatement,resolved,false,false,false,,false,{},
src/main/java/org/openrewrite/mainframe/cobol/trait/CicsCommand.java,org.openrewrite.mainframe.cobol.trait.CicsCommand,verb,verb,java-name,java.lang.String,resolved,false,false,false,,false,{},
src/main/java/org/openrewrite/mainframe/cobol/trait/CicsCommand.java,org.openrewrite.mainframe.cobol.trait.CicsCommand,qualifier,qualifier,java-name,java.lang.String,resolved,false,false,false,,false,{},
src/main/java/org/openrewrite/mainframe/cobol/trait/CicsCommand.java,org.openrewrite.mainframe.cobol.trait.CicsCommand,options,options,java-name,java.lang.String,resolved,false,true,false,,false,{},
src/main/java/org/openrewrite/mainframe/controlcard/idcams/trait/IdcamsCommand.java,org.openrewrite.mainframe.controlcard.idcams.trait.IdcamsCommand,cursor,cursor,java-name,org.openrewrite.Cursor,resolved,false,false,false,,false,{},
src/main/java/org/openrewrite/mainframe/controlcard/idcams/tree/Idcams.java,org.openrewrite.mainframe.controlcard.idcams.tree.Idcams$Command,id,id,java-name,java.util.UUID,resolved,false,false,false,uuid,false,{},
src/main/java/org/openrewrite/mainframe/controlcard/idcams/tree/Idcams.java,org.openrewrite.mainframe.controlcard.idcams.tree.Idcams$Command,prefix,prefix,java-name,org.openrewrite.mainframe.controlcard.idcams.tree.Space,resolved,false,false,false,,false,{},
src/main/java/org/openrewrite/mainframe/controlcard/idcams/tree/Idcams.java,org.openrewrite.mainframe.controlcard.idcams.tree.Idcams$Command,markers,markers,java-name,org.openrewrite.marker.Markers,resolved,false,false,false,,false,{},
src/main/java/org/openrewrite/mainframe/controlcard/idcams/tree/Idcams.java,org.openrewrite.mainframe.controlcard.idcams.tree.Idcams$Command,verb,verb,java-name,org.openrewrite.mainframe.controlcard.idcams.tree.Idcams$Word,resolved,false,false,false,,false,{},
src/main/java/org/openrewrite/mainframe/controlcard/idcams/tree/Idcams.java,org.openrewrite.mainframe.controlcard.idcams.tree.Idcams$Command,parameters,parameters,java-name,org.openrewrite.mainframe.controlcard.idcams.tree.Idcams,resolved,true,false,false,,false,{},
src/main/java/org/openrewrite/mainframe/controlcard/utility/trait/UnloadCommand.java,org.openrewrite.mainframe.controlcard.utility.trait.UnloadCommand,cursor,cursor,java-name,org.openrewrite.Cursor,resolved,false,false,false,,false,{},
src/main/java/org/openrewrite/mainframe/db2/bind/trait/BindCommand.java,org.openrewrite.mainframe.db2.bind.trait.BindCommand,cursor,cursor,java-name,org.openrewrite.Cursor,resolved,false,false,false,,false,{},
src/main/java/org/openrewrite/mainframe/db2/bind/tree/Bind.java,org.openrewrite.mainframe.db2.bind.tree.Bind$Command,id,id,java-name,java.util.UUID,resolved,false,false,false,uuid,false,{},
src/main/java/org/openrewrite/mainframe/db2/bind/tree/Bind.java,org.openrewrite.mainframe.db2.bind.tree.Bind$Command,prefix,prefix,java-name,org.openrewrite.mainframe.db2.bind.tree.Space,resolved,false,false,false,,false,{},
src/main/java/org/openrewrite/mainframe/db2/bind/tree/Bind.java,org.openrewrite.mainframe.db2.bind.tree.Bind$Command,markers,markers,java-name,org.openrewrite.marker.Markers,resolved,false,false,false,,false,{},
src/main/java/org/openrewrite/mainframe/db2/bind/tree/Bind.java,org.openrewrite.mainframe.db2.bind.tree.Bind$Command,verb,verb,java-name,org.openrewrite.mainframe.db2.bind.tree.Bind$Word,resolved,false,false,false,,false,{},
src/main/java/org/openrewrite/mainframe/db2/bind/tree/Bind.java,org.openrewrite.mainframe.db2.bind.tree.Bind$Command,operands,operands,java-name,org.openrewrite.mainframe.db2.bind.tree.Bind,resolved,true,false,false,,false,{},
src/main/java/org/openrewrite/mainframe/db2/tree/Db2.java,org.openrewrite.mainframe.db2.tree.Db2$TableAsQuery,id,id,java-name,java.util.UUID,resolved,false,false,false,uuid,false,{},
src/main/java/org/openrewrite/mainframe/db2/tree/Db2.java,org.openrewrite.mainframe.db2.tree.Db2$TableAsQuery,prefix,prefix,java-name,org.openrewrite.mainframe.db2.tree.Space,resolved,false,false,false,,false,{},
src/main/java/org/openrewrite/mainframe/db2/tree/Db2.java,org.openrewrite.mainframe.db2.tree.Db2$TableAsQuery,markers,markers,java-name,org.openrewrite.marker.Markers,resolved,false,false,false,,false,{},
src/main/java/org/openrewrite/mainframe/db2/tree/Db2.java,org.openrewrite.mainframe.db2.tree.Db2$TableAsQuery,keywords,keywords,java-name,org.openrewrite.mainframe.db2.tree.Db2$Keyword,resolved,true,false,false,,false,{},
src/main/java/org/openrewrite/mainframe/db2/tree/Db2.java,org.openrewrite.mainframe.db2.tree.Db2$TableAsQuery,query,query,java-name,org.openrewrite.mainframe.db2.tree.Db2Container,resolved,false,false,false,,false,{},
src/main/java/org/openrewrite/mainframe/db2/tree/Db2.java,org.openrewrite.mainframe.db2.tree.Db2$TableAsQuery,options,options,java-name,org.openrewrite.mainframe.db2.tree.Db2,resolved,true,false,false,,false,{},
src/main/java/org/openrewrite/mainframe/db2/tree/Db2.java,org.openrewrite.mainframe.db2.tree.Db2$Query,id,id,java-name,java.util.UUID,resolved,false,false,false,uuid,false,{},
src/main/java/org/openrewrite/mainframe/db2/tree/Db2.java,org.openrewrite.mainframe.db2.tree.Db2$Query,prefix,prefix,java-name,org.openrewrite.mainframe.db2.tree.Space,resolved,false,false,false,,false,{},
src/main/java/org/openrewrite/mainframe/db2/tree/Db2.java,org.openrewrite.mainframe.db2.tree.Db2$Query,markers,markers,java-name,org.openrewrite.marker.Markers,resolved,false,false,false,,false,{},
src/main/java/org/openrewrite/mainframe/db2/tree/Db2.java,org.openrewrite.mainframe.db2.tree.Db2$Query,parts,parts,java-name,org.openrewrite.mainframe.db2.tree.Db2,resolved,true,false,false,,false,{},
src/main/java/org/openrewrite/mainframe/ims/trait/Message.java,org.openrewrite.mainframe.ims.trait.Message,cursor,cursor,java-name,org.openrewrite.Cursor,resolved,false,false,false,,false,{},
src/main/java/org/openrewrite/mainframe/listload/trait/ModuleListing.java,org.openrewrite.mainframe.listload.trait.ModuleListing$Request,function,function,java-name,java.lang.String,resolved,false,false,false,,false,{},
src/main/java/org/openrewrite/mainframe/listload/trait/ModuleListing.java,org.openrewrite.mainframe.listload.trait.ModuleListing$Request,ddName,ddName,java-name,java.lang.String,resolved,false,false,false,,false,{},
src/main/java/org/openrewrite/mainframe/listload/trait/ModuleListing.java,org.openrewrite.mainframe.listload.trait.ModuleListing$Request,output,output,java-name,java.lang.String,resolved,false,false,false,,false,{},
src/main/java/org/openrewrite/mainframe/listload/trait/ModuleListing.java,org.openrewrite.mainframe.listload.trait.ModuleListing$Request,line,line,java-name,int,resolved,false,false,false,int32,true,{},
src/main/java/org/openrewrite/mainframe/sas/trait/SqlQuery.java,org.openrewrite.mainframe.sas.trait.SqlQuery,cursor,cursor,java-name,org.openrewrite.Cursor,resolved,false,false,false,,false,{},
src/main/java/org/openrewrite/mainframe/sas/trait/SqlQuery.java,org.openrewrite.mainframe.sas.trait.SqlQuery$Query,tables,tables,java-name,org.openrewrite.mainframe.sas.trait.SqlQuery$Table,resolved,true,false,false,,false,{},
src/main/java/org/openrewrite/mainframe/sas/trait/SqlQuery.java,org.openrewrite.mainframe.sas.trait.SqlQuery$Query,line,line,java-name,int,resolved,false,false,false,int32,true,{},
