Source path,Line number,Class name,Method name,Method signature,Language,Embedded in,Table,Operations,Columns,Dynamic,Query
src/test/java/org/openrewrite/mainframe/controlcard/utility/UtilityParserTest.java,308,org.openrewrite.mainframe.controlcard.utility.UtilityParserTest,printsBackACarriageReturnedDeck,"org.openrewrite.mainframe.controlcard.utility.UtilityParserTest{name=printsBackACarriageReturnedDeck,return=void,parameters=[java.nio.file.Path]}",java,concatenation,POLICY,SELECT,*,false,SELECT * FROM CLM.POLICY OUTDDN (POLUNL)
src/test/java/org/openrewrite/mainframe/db2/Db2ParserTest.java,46,org.openrewrite.mainframe.db2.Db2ParserTest,aTableIsColumnsAndAPrimaryKey,"org.openrewrite.mainframe.db2.Db2ParserTest{name=aTableIsColumnsAndAPrimaryKey,return=void,parameters=[]}",java,literal,TRANSACTION_TYPE,CREATE,"TR_TYPE,TR_DESCRIPTION",false,"CREATE TABLE CARDDEMO.TRANSACTION_TYPE ( TR_TYPE CHAR(2) NOT NULL, TR_DESCRIPTION VARCHAR(50) NOT NULL, PRIMARY KEY(TR_TYPE));"
src/test/java/org/openrewrite/mainframe/db2/Db2ParserTest.java,80,org.openrewrite.mainframe.db2.Db2ParserTest,aColumnWithoutNotNullIsNullable,"org.openrewrite.mainframe.db2.Db2ParserTest{name=aColumnWithoutNotNullIsNullable,return=void,parameters=[]}",java,literal,AUTHFRDS,CREATE,"CARD_NUM,AUTH_TS,TRANSACTION_AMT,POS_ENTRY_MODE,FRAUD_RPT_DATE",false,"CREATE TABLE CARDDEMO.AUTHFRDS (CARD_NUM CHAR(16) NOT NULL, AUTH_TS TIMESTAMP NOT NULL, TRANSACTION_AMT DECIMAL(12,2) , POS_ENTRY_MODE SMALLINT , FRAUD_RPT_DATE DATE , PRIMARY KEY(CARD_NUM,AUTH_TS ..."
src/test/java/org/openrewrite/mainframe/db2/Db2ParserTest.java,112,org.openrewrite.mainframe.db2.Db2ParserTest,aForeignKeyPointsAtAnotherTable,"org.openrewrite.mainframe.db2.Db2ParserTest{name=aForeignKeyPointsAtAnotherTable,return=void,parameters=[]}",java,literal,TRANSACTION_TYPE_CATEGORY,CREATE,"TRC_TYPE_CODE,TRC_TYPE_CATEGORY",false,"CREATE TABLE CARDDEMO.TRANSACTION_TYPE_CATEGORY ( TRC_TYPE_CODE CHAR(2) NOT NULL, TRC_TYPE_CATEGORY CHAR(4) NOT NULL, PRIMARY KEY(TRC_TYPE_CODE,TRC_TYPE_CATEGORY), FOREIGN KEY TRC_TYPE_CODE (TRC_TY..."
src/test/java/org/openrewrite/mainframe/db2/Db2ParserTest.java,184,org.openrewrite.mainframe.db2.Db2ParserTest,anAlterTableCarriesAForeignKey,"org.openrewrite.mainframe.db2.Db2ParserTest{name=anAlterTableCarriesAForeignKey,return=void,parameters=[]}",java,literal,TRANSACTION_TYPE_CATEGORY,ALTER,,false,ALTER TABLE CARDDEMO.TRANSACTION_TYPE_CATEGORY FOREIGN KEY (TRC_TYPE_CODE) REFERENCES CARDDEMO.TRANSACTION_TYPE (TR_TYPE) ON DELETE RESTRICT;
src/test/java/org/openrewrite/mainframe/db2/Db2ParserTest.java,257,org.openrewrite.mainframe.db2.Db2ParserTest,aTableNeedNotListItsColumns,"org.openrewrite.mainframe.db2.Db2ParserTest{name=aTableNeedNotListItsColumns,return=void,parameters=[]}",java,literal,ARCHIVE,CREATE,,false,CREATE TABLE CARDDEMO.ARCHIVE LIKE CARDDEMO.ACCOUNT;
src/test/java/org/openrewrite/mainframe/db2/Db2ParserTest.java,273,org.openrewrite.mainframe.db2.Db2ParserTest,theTablespaceATableIsCreatedIn,"org.openrewrite.mainframe.db2.Db2ParserTest{name=theTablespaceATableIsCreatedIn,return=void,parameters=[]}",java,literal,TRANSACTION_TYPE,CREATE,TR_TYPE,false,"CREATE TABLE CARDDEMO.TRANSACTION_TYPE ( TR_TYPE CHAR(2) NOT NULL, PRIMARY KEY(TR_TYPE)) IN CARDDEMO.CARDSPC1 CCSID EBCDIC;"
src/test/java/org/openrewrite/mainframe/db2/Db2ParserTest.java,339,org.openrewrite.mainframe.db2.Db2ParserTest,commentsRideInTheWhitespace,"org.openrewrite.mainframe.db2.Db2ParserTest{name=commentsRideInTheWhitespace,return=void,parameters=[]}",java,literal,TRANSACTION_TYPE,CREATE,TR_TYPE,false,"/* Copyright Amazon.com, Inc. or its affiliates. */ /* All Rights Reserved. */ -- the transaction type reference table CREATE TABLE CARDDEMO.TRANSACTION_TYPE ( TR_TYPE CHAR(2) NOT NULL, -- a two ch..."
src/test/java/org/openrewrite/mainframe/db2/Db2ParserTest.java,362,org.openrewrite.mainframe.db2.Db2ParserTest,whatTheGrammarCannotReadIsAnError,"org.openrewrite.mainframe.db2.Db2ParserTest{name=whatTheGrammarCannotReadIsAnError,return=void,parameters=[]}",java,literal,ACCOUNT,UPDATE,ACCT_STATUS,false,UPDATE CARDDEMO.ACCOUNT SET ACCT_STATUS = 'N';
src/test/java/org/openrewrite/mainframe/db2/Db2ParserTest.java,363,org.openrewrite.mainframe.db2.Db2ParserTest,whatTheGrammarCannotReadIsAnError,"org.openrewrite.mainframe.db2.Db2ParserTest{name=whatTheGrammarCannotReadIsAnError,return=void,parameters=[]}",java,literal,ACCOUNT,"SELECT,DELETE",ACCT_ID,false,DELETE FROM CARDDEMO.ACCOUNT WHERE ACCT_ID = 1;
src/test/java/org/openrewrite/mainframe/db2/Db2ParserTest.java,396,org.openrewrite.mainframe.db2.Db2ParserTest,aQueryIsAStatementOfItsOwn,"org.openrewrite.mainframe.db2.Db2ParserTest{name=aQueryIsAStatementOfItsOwn,return=void,parameters=[]}",java,literal,SYSCOLUMNS,SELECT,"TBNAME,COLNO,NAME,COLTYPE,NULLS,TBCREATOR",false,"SELECT TBNAME, COLNO, NAME, COLTYPE, NULLS FROM SYSIBM.SYSCOLUMNS WHERE TBCREATOR = 'CLM' ORDER BY TBNAME, COLNO;"
src/test/java/org/openrewrite/mainframe/db2/Db2ParserTest.java,452,org.openrewrite.mainframe.db2.Db2ParserTest,aCheckConstraintIsKeptWhole,"org.openrewrite.mainframe.db2.Db2ParserTest{name=aCheckConstraintIsKeptWhole,return=void,parameters=[]}",java,literal,ACCOUNT,CREATE,"ACCT_ID,ACCT_STATUS,ACCT_GROUP",false,"CREATE TABLE CARDDEMO.ACCOUNT ( ACCT_ID DECIMAL(11) NOT NULL, ACCT_STATUS CHAR(1) NOT NULL, CONSTRAINT STATUS_OK CHECK (ACCT_STATUS IN ('Y', 'N')), ACCT_GROUP CHAR(10), PRIMARY KEY(ACCT_ID));"
src/test/java/org/openrewrite/mainframe/db2/Db2ParserTest.java,499,org.openrewrite.mainframe.db2.Db2ParserTest,aDelimitedName,"org.openrewrite.mainframe.db2.Db2ParserTest{name=aDelimitedName,return=void,parameters=[]}",java,literal,"""Account""",CREATE,"""Account Id""",false,"CREATE TABLE ""My Schema"".""Account"" ( ""Account Id"" INTEGER NOT NULL, PRIMARY KEY(""Account Id""));"
src/test/java/org/openrewrite/mainframe/db2/Db2ParserTest.java,518,org.openrewrite.mainframe.db2.Db2ParserTest,aKeywordKeepsTheCaseTheFileWroteIt,"org.openrewrite.mainframe.db2.Db2ParserTest{name=aKeywordKeepsTheCaseTheFileWroteIt,return=void,parameters=[]}",java,literal,control,CREATE,control_name,false,create table bankz.control (control_name char(32));
src/test/java/org/openrewrite/mainframe/db2/bind/BindLineReaderTest.java,63,org.openrewrite.mainframe.db2.bind.BindLineReaderTest,doesNotReadAsABindDeck,"org.openrewrite.mainframe.db2.bind.BindLineReaderTest{name=doesNotReadAsABindDeck,return=void,parameters=[java.lang.String]}",java,literal,SYSPACKDEP,SELECT,*,false,SELECT * FROM SYSIBM.SYSPACKDEP;
src/test/java/org/openrewrite/mainframe/db2/bind/BindParserTest.java,159,org.openrewrite.mainframe.db2.bind.BindParserTest,acceptsAnExtensionlessMemberThatBinds,"org.openrewrite.mainframe.db2.bind.BindParserTest{name=acceptsAnExtensionlessMemberThatBinds,return=void,parameters=[java.nio.file.Path]}",java,literal,SYSPACKDEP,SELECT,*,false,SELECT * FROM SYSIBM.SYSPACKDEP;
src/test/java/org/openrewrite/mainframe/db2/trait/TableTest.java,33,org.openrewrite.mainframe.db2.trait.TableTest,whatAColumnHolds,"org.openrewrite.mainframe.db2.trait.TableTest{name=whatAColumnHolds,return=void,parameters=[]}",java,literal,AUTHFRDS,CREATE,"CARD_NUM,TRANSACTION_AMT,MERCHANT_NAME,FRAUD_RPT_DATE",false,"CREATE TABLE CARDDEMO.AUTHFRDS (CARD_NUM CHAR(16) NOT NULL, TRANSACTION_AMT DECIMAL(12,2) , MERCHANT_NAME VARCHAR(22) , FRAUD_RPT_DATE DATE , PRIMARY KEY(CARD_NUM) );"
src/test/java/org/openrewrite/mainframe/db2/trait/TableTest.java,78,org.openrewrite.mainframe.db2.trait.TableTest,aPrimaryKeyColumnIsNotNullable,"org.openrewrite.mainframe.db2.trait.TableTest{name=aPrimaryKeyColumnIsNotNullable,return=void,parameters=[]}",java,literal,CONTROL,CREATE,"CONTROL_NAME,CONTROL_VALUE_NUM,CONTROL_VALUE_STR",false,"CREATE TABLE BANKZ.CONTROL ( CONTROL_NAME CHAR(32), CONTROL_VALUE_NUM INTEGER, CONTROL_VALUE_STR CHAR(40) NOT NULL, PRIMARY KEY(CONTROL_NAME) );"
src/test/java/org/openrewrite/mainframe/db2/trait/TableTest.java,107,org.openrewrite.mainframe.db2.trait.TableTest,aForeignKeyAddedByAnAlter,"org.openrewrite.mainframe.db2.trait.TableTest{name=aForeignKeyAddedByAnAlter,return=void,parameters=[]}",java,literal,TRANSACTION_TYPE,CREATE,TR_TYPE,false,"CREATE TABLE CARDDEMO.TRANSACTION_TYPE ( TR_TYPE CHAR(2) NOT NULL, PRIMARY KEY(TR_TYPE)); CREATE TABLE CARDDEMO.TRANSACTION_TYPE_CATEGORY ( TRC_TYPE_CODE CHAR(2) NOT NULL, PRIMARY KEY(TRC_TYPE_CODE..."
src/test/java/org/openrewrite/mainframe/db2/trait/TableTest.java,151,org.openrewrite.mainframe.db2.trait.TableTest,theTwoWordDeleteRule,"org.openrewrite.mainframe.db2.trait.TableTest{name=theTwoWordDeleteRule,return=void,parameters=[]}",java,literal,claim,CREATE,"claimNumber,policyNumber",false,"CREATE TABLE GENASA1.claim ( claimNumber INTEGER NOT NULL, policyNumber INTEGER, PRIMARY KEY(claimNumber), FOREIGN KEY(policyNumber) REFERENCES GENASA1.policy (policyNumber) ON DELETE SET NULL);"
